cluster_id,suite,perturbation_width,id_ood_label,within_usable_w_max,episode_uid,base_idx,episode_seed,noise_seed,habit_success,steps,familiarity_score_mahalanobis,familiarity_reject,jurisdiction_q,knn_score_k5,knn_score_k10,teacher_hidden_score
libero_object_task0,libero_object,0.01,ID,1,31bd0f3e8561f43e,40,31000,2001000,1,121,5.729,0,7.108,4.03299,4.74864,
libero_object_task0,libero_object,0.01,ID,1,ffb35d096a9edbbf,41,31001,2001001,1,129,5.036,0,7.108,4.83829,5.16392,
libero_object_task0,libero_object,0.01,ID,1,3d6d86ffdc2fc94a,42,31002,2001002,1,126,8.55,1,7.108,5.54338,6.41702,
libero_object_task0,libero_object,0.01,ID,1,3eceb126b814c8c4,43,31003,2001003,1,120,8.634,1,7.108,6.40528,6.77279,
libero_object_task0,libero_object,0.01,ID,1,a277ff8837f253e7,44,31004,2001004,1,120,8.228,1,7.108,6.03112,6.42125,
libero_object_task0,libero_object,0.01,ID,1,c9a523f76906a5ff,45,31005,2001005,1,128,6.949,0,7.108,5.17654,5.62443,
libero_object_task0,libero_object,0.01,ID,1,2a9c4ab536b5b92f,46,31006,2001006,1,120,5.996,0,7.108,4.93188,6.00572,
libero_object_task0,libero_object,0.01,ID,1,ad070e8ba351fabf,47,31007,2001007,1,119,7.851,1,7.108,4.86234,5.65515,
libero_object_task0,libero_object,0.01,ID,1,fa77fc3d8faf78ff,48,31008,2001008,1,128,4.468,0,7.108,4.44192,4.80579,
libero_object_task0,libero_object,0.01,ID,1,dd20834eb689ebde,49,31009,2001009,1,118,10.485,1,7.108,8.05624,8.78379,
libero_object_task0,libero_object,0.01,ID,1,23bc674853f9f8e9,40,31010,2001010,1,145,5.898,0,7.108,4.6247,4.97552,
libero_object_task0,libero_object,0.01,ID,1,90d2cb1aa94fde9a,41,31011,2001011,1,127,7.189,1,7.108,5.50798,5.71992,
libero_object_task0,libero_object,0.01,ID,1,ed361858f5120b59,42,31012,2001012,1,126,9.339,1,7.108,5.87637,6.83672,
libero_object_task0,libero_object,0.01,ID,1,efd0aeb4c55ca7ee,43,31013,2001013,1,137,8.389,1,7.108,6.26258,6.65527,
libero_object_task0,libero_object,0.01,ID,1,fed36ec3a44b4485,44,31014,2001014,1,137,7.293,1,7.108,5.95836,6.26742,
libero_object_task0,libero_object,0.02,boundary,1,f22d26d0afe2b57d,40,32000,2002000,1,122,5.288,0,7.108,4.31943,4.6765,
libero_object_task0,libero_object,0.02,boundary,1,16ee9720113b4283,41,32001,2002001,1,135,6.158,0,7.108,5.52511,5.68006,
libero_object_task0,libero_object,0.02,boundary,1,3eef90d48e52b990,42,32002,2002002,0,280,8.286,1,7.108,5.81051,6.58792,
libero_object_task0,libero_object,0.02,boundary,1,c0087a2ffcf36974,43,32003,2002003,1,138,8.214,1,7.108,6.25813,6.5368,
libero_object_task0,libero_object,0.02,boundary,1,d19bba46b6b2a095,44,32004,2002004,1,128,7.293,1,7.108,6.33373,6.49805,
libero_object_task0,libero_object,0.02,boundary,1,9513e6c54b76cf73,45,32005,2002005,0,280,7.477,1,7.108,6.22976,6.63615,
libero_object_task0,libero_object,0.02,boundary,1,472263b7df547496,46,32006,2002006,0,280,7.57,1,7.108,5.74545,6.75369,
libero_object_task0,libero_object,0.02,boundary,1,e98e164123c29d3b,47,32007,2002007,1,131,7.94,1,7.108,5.6842,6.27251,
libero_object_task0,libero_object,0.02,boundary,1,e615a748b43e67c8,48,32008,2002008,1,128,5.048,0,7.108,4.59713,4.86006,
libero_object_task0,libero_object,0.02,boundary,1,0b397e29680398de,49,32009,2002009,0,280,10.453,1,7.108,8.1247,8.70668,
libero_object_task0,libero_object,0.02,boundary,1,5839bd9c095eb810,40,32010,2002010,0,280,6.07,0,7.108,4.74958,5.45786,
libero_object_task0,libero_object,0.02,boundary,1,6bf9299b8c2c4418,41,32011,2002011,1,136,5.86,0,7.108,4.72691,4.97949,
libero_object_task0,libero_object,0.02,boundary,1,ee5c69f8287cd333,42,32012,2002012,0,280,8.98,1,7.108,6.01119,6.79109,
libero_object_task0,libero_object,0.02,boundary,1,9ad50873ee2ce28d,43,32013,2002013,1,129,9.273,1,7.108,7.17834,7.4448,
libero_object_task0,libero_object,0.02,boundary,1,8163b36663c24d54,44,32014,2002014,0,280,7.233,1,7.108,6.03935,6.30812,
libero_object_task0,libero_object,0.04,boundary,1,ee637ecda1754b87,40,33000,2003000,0,280,6.63,0,7.108,4.61254,5.24008,
libero_object_task0,libero_object,0.04,boundary,1,3cd75d9665ed31fc,41,33001,2003001,0,280,6.858,0,7.108,5.31549,5.57694,
libero_object_task0,libero_object,0.04,boundary,1,59829dae4508a0b7,42,33002,2003002,1,134,11.441,1,7.108,7.5984,8.17585,
libero_object_task0,libero_object,0.04,boundary,1,50a0ac02eea68ca2,43,33003,2003003,0,280,9.793,1,7.108,6.72323,7.15994,
libero_object_task0,libero_object,0.04,boundary,1,5ffe39cc185a3816,44,33004,2003004,0,280,7.66,1,7.108,6.07513,6.45439,
libero_object_task0,libero_object,0.04,boundary,1,63bbc2b04da677f5,45,33005,2003005,0,280,8.855,1,7.108,6.15991,6.41489,
libero_object_task0,libero_object,0.04,boundary,1,b4ce90b9cb882843,46,33006,2003006,0,280,7.888,1,7.108,6.2248,7.16948,
libero_object_task0,libero_object,0.04,boundary,1,8578316528359118,47,33007,2003007,1,135,8.084,1,7.108,5.58289,6.07324,
libero_object_task0,libero_object,0.04,boundary,1,6ea2c5be460d6fdd,48,33008,2003008,0,280,5.235,0,7.108,4.53196,5.14073,
libero_object_task0,libero_object,0.04,boundary,1,0a74b732d9d4203b,49,33009,2003009,0,280,12.865,1,7.108,10.06272,10.52765,
libero_object_task0,libero_object,0.04,boundary,1,b081ee64fab49fd9,40,33010,2003010,0,280,5.712,0,7.108,4.64729,5.25636,
libero_object_task0,libero_object,0.04,boundary,1,9f70a5bbb5dec7b5,41,33011,2003011,1,136,5.992,0,7.108,5.14107,5.50298,
libero_object_task0,libero_object,0.04,boundary,1,d0aa39e80f029067,42,33012,2003012,0,280,9.291,1,7.108,6.16352,6.96995,
libero_object_task0,libero_object,0.04,boundary,1,fb56720fcff50e4f,43,33013,2003013,0,280,8.403,1,7.108,5.88702,6.29607,
libero_object_task0,libero_object,0.04,boundary,1,ac9a23d3e78bf276,44,33014,2003014,0,280,8.155,1,7.108,5.86652,6.35398,
libero_object_task0,libero_object,0.06,OOD,0,88c5750dee322060,40,34000,2004000,0,280,5.046,0,7.108,4.57189,4.87115,
libero_object_task0,libero_object,0.06,OOD,0,62335caec7477b71,41,34001,2004001,0,280,7.22,1,7.108,6.18861,6.42508,
libero_object_task0,libero_object,0.06,OOD,0,ad0d394da95f367c,42,34002,2004002,0,280,12.731,1,7.108,8.59687,9.12395,
libero_object_task0,libero_object,0.06,OOD,0,eaea27ba6f76c722,43,34003,2004003,1,119,10.241,1,7.108,7.27591,7.73422,
libero_object_task0,libero_object,0.06,OOD,0,b01e10a889a7e722,44,34004,2004004,0,280,8.699,1,7.108,7.04868,7.23372,
libero_object_task0,libero_object,0.06,OOD,0,c16c06ef3a2b371e,45,34005,2004005,0,280,7.165,1,7.108,5.02909,5.50797,
libero_object_task0,libero_object,0.06,OOD,0,a9a9a7a74d1d056a,46,34006,2004006,0,280,10.855,1,7.108,7.59691,8.26803,
libero_object_task0,libero_object,0.06,OOD,0,db6aea4d42ce03f0,47,34007,2004007,0,280,8.85,1,7.108,6.08706,6.74049,
libero_object_task0,libero_object,0.06,OOD,0,655aed239769b154,48,34008,2004008,0,280,7.99,1,7.108,6.02362,6.68649,
libero_object_task0,libero_object,0.06,OOD,0,9c73847fc30efb9f,49,34009,2004009,0,280,14.022,1,7.108,11.05344,11.58808,
libero_object_task0,libero_object,0.06,OOD,0,98e6db6f4dbad22d,40,34010,2004010,1,133,6.569,0,7.108,4.6082,5.07256,
libero_object_task0,libero_object,0.06,OOD,0,a8eef72bdbf087ba,41,34011,2004011,0,280,10.498,1,7.108,6.40468,6.62959,
libero_object_task0,libero_object,0.06,OOD,0,e54c36c07fcbebde,42,34012,2004012,0,280,9.768,1,7.108,6.98831,7.53913,
libero_object_task0,libero_object,0.06,OOD,0,b649b02d495d7912,43,34013,2004013,1,249,8.579,1,7.108,6.30456,6.65481,
libero_object_task0,libero_object,0.06,OOD,0,099ef3e06330a1c4,44,34014,2004014,1,129,7.075,0,7.108,5.83008,6.05847,
libero_object_task0,libero_object,0.08,OOD,0,02668d0066e85277,40,35000,2005000,0,280,6.252,0,7.108,4.69807,4.96336,
libero_object_task0,libero_object,0.08,OOD,0,87de6e1def7262d6,41,35001,2005001,0,280,9.48,1,7.108,6.24992,6.54394,
libero_object_task0,libero_object,0.08,OOD,0,ad6902d9cdcca780,42,35002,2005002,0,280,10.904,1,7.108,8.73068,9.39254,
libero_object_task0,libero_object,0.08,OOD,0,b80dc310c49f1a07,43,35003,2005003,0,280,16.426,1,7.108,9.52768,9.92178,
libero_object_task0,libero_object,0.08,OOD,0,d9f47ce14e1bde42,44,35004,2005004,0,280,9.655,1,7.108,6.70461,7.06813,
libero_object_task0,libero_object,0.08,OOD,0,1eefc878234659cc,45,35005,2005005,0,280,10.095,1,7.108,6.27141,6.65178,
libero_object_task0,libero_object,0.08,OOD,0,42869b64745814f3,46,35006,2005006,0,280,8.725,1,7.108,5.91178,7.07442,
libero_object_task0,libero_object,0.08,OOD,0,5b30ffc41a8b954b,47,35007,2005007,0,280,6.951,0,7.108,4.89516,5.66436,
libero_object_task0,libero_object,0.08,OOD,0,6d2ff13a1dd06542,48,35008,2005008,1,155,7.63,1,7.108,5.67159,5.92065,
libero_object_task0,libero_object,0.08,OOD,0,e537ac0b77904e2d,49,35009,2005009,0,280,11.069,1,7.108,8.70768,9.32264,
libero_object_task0,libero_object,0.08,OOD,0,44cd8b0207af9b57,40,35010,2005010,0,280,7.457,1,7.108,6.9405,7.30566,
libero_object_task0,libero_object,0.08,OOD,0,4502c039f8527b1d,41,35011,2005011,0,280,9.151,1,7.108,6.22201,6.51012,
libero_object_task0,libero_object,0.08,OOD,0,056d0af2f34d1935,42,35012,2005012,0,280,10.6,1,7.108,7.23029,7.77243,
libero_object_task0,libero_object,0.08,OOD,0,9a7e0e9823aa417c,43,35013,2005013,1,145,11.474,1,7.108,8.29417,8.68473,
libero_object_task0,libero_object,0.08,OOD,0,eea583ef067a46a4,44,35014,2005014,0,280,9.156,1,7.108,6.87142,7.09299,
libero_object_task5,libero_object,0.01,ID,1,881a7007c1a8e0c3,40,31000,2001000,0,280,5.626,0,7.189,4.78295,5.21759,
libero_object_task5,libero_object,0.01,ID,1,d29efe2d2132fdb4,41,31001,2001001,1,127,5.104,0,7.189,4.57639,4.83431,
libero_object_task5,libero_object,0.01,ID,1,f6036c9961be752f,42,31002,2001002,1,113,7.935,1,7.189,5.11318,5.53333,
libero_object_task5,libero_object,0.01,ID,1,2e6f2a0836c3e126,43,31003,2001003,1,119,8.174,1,7.189,7.47817,7.72672,
libero_object_task5,libero_object,0.01,ID,1,c5340c2c1c26292d,44,31004,2001004,1,111,6.286,0,7.189,4.56827,4.7693,
libero_object_task5,libero_object,0.01,ID,1,60a6758c0ef1d587,45,31005,2001005,1,122,7.206,1,7.189,6.11822,6.46098,
libero_object_task5,libero_object,0.01,ID,1,9d39c2e55e4b0536,46,31006,2001006,1,153,5.436,0,7.189,4.18141,4.42599,
libero_object_task5,libero_object,0.01,ID,1,6be256548a1003e8,47,31007,2001007,1,136,6.758,0,7.189,5.5706,5.78244,
libero_object_task5,libero_object,0.01,ID,1,3da68bc3ca94fcc9,48,31008,2001008,1,126,4.561,0,7.189,4.15815,4.52854,
libero_object_task5,libero_object,0.01,ID,1,f884c302f4b5cf94,49,31009,2001009,1,128,4.122,0,7.189,3.59197,4.17447,
libero_object_task5,libero_object,0.01,ID,1,556cc38731e9172c,40,31010,2001010,1,111,5.69,0,7.189,4.46004,4.83782,
libero_object_task5,libero_object,0.01,ID,1,dacb9678efd3293b,41,31011,2001011,1,119,4.667,0,7.189,5.00623,5.39877,
libero_object_task5,libero_object,0.01,ID,1,2420d3fbb9fc2065,42,31012,2001012,1,117,7.175,0,7.189,4.50649,4.97052,
libero_object_task5,libero_object,0.01,ID,1,d743f301f04da1db,43,31013,2001013,1,116,8.762,1,7.189,7.17427,7.64767,
libero_object_task5,libero_object,0.01,ID,1,0a7d75c563508df3,44,31014,2001014,0,280,5.558,0,7.189,4.60155,4.96866,
libero_object_task5,libero_object,0.02,boundary,1,5162d00f7c2b0a23,40,32000,2002000,0,280,6.288,0,7.189,5.30306,5.54945,
libero_object_task5,libero_object,0.02,boundary,1,28aa953d17c841b1,41,32001,2002001,1,128,4.484,0,7.189,4.42006,4.66278,
libero_object_task5,libero_object,0.02,boundary,1,f43ff470687eeeea,42,32002,2002002,1,109,7.026,0,7.189,5.04908,5.2957,
libero_object_task5,libero_object,0.02,boundary,1,157e2b64f5945c2b,43,32003,2002003,1,127,7.474,1,7.189,6.58863,6.964,
libero_object_task5,libero_object,0.02,boundary,1,66508f8f806a9dfa,44,32004,2002004,1,128,4.724,0,7.189,4.22041,4.48756,
libero_object_task5,libero_object,0.02,boundary,1,a371f0e14d5d96e4,45,32005,2002005,1,133,9.044,1,7.189,6.27842,6.77561,
libero_object_task5,libero_object,0.02,boundary,1,1db835df9a990bc8,46,32006,2002006,1,158,5.169,0,7.189,3.9172,4.43021,
libero_object_task5,libero_object,0.02,boundary,1,21cf046974259f52,47,32007,2002007,1,126,7.912,1,7.189,6.16488,6.38705,
libero_object_task5,libero_object,0.02,boundary,1,df146cbc91cf4eaa,48,32008,2002008,1,169,4.509,0,7.189,4.04396,4.30945,
libero_object_task5,libero_object,0.02,boundary,1,ead89e618f8e51ca,49,32009,2002009,1,130,4.283,0,7.189,3.89372,4.32696,
libero_object_task5,libero_object,0.02,boundary,1,d284148a516511d1,40,32010,2002010,1,122,6.735,0,7.189,5.39606,5.60437,
libero_object_task5,libero_object,0.02,boundary,1,2038d1c89df06b19,41,32011,2002011,1,125,4.716,0,7.189,4.27211,4.5534,
libero_object_task5,libero_object,0.02,boundary,1,76e2baa911fafcd3,42,32012,2002012,1,125,7.859,1,7.189,4.99342,5.35922,
libero_object_task5,libero_object,0.02,boundary,1,482202b550e63060,43,32013,2002013,1,177,7.719,1,7.189,7.8732,8.10237,
libero_object_task5,libero_object,0.02,boundary,1,8a4ed7d5f7b0bd40,44,32014,2002014,1,124,4.543,0,7.189,3.96973,4.24562,
libero_object_task5,libero_object,0.04,boundary,1,45128ac208456f57,40,33000,2003000,1,137,8.061,1,7.189,5.94422,6.23581,
libero_object_task5,libero_object,0.04,boundary,1,8a8510055f00af42,41,33001,2003001,1,134,6.422,0,7.189,4.1482,4.61172,
libero_object_task5,libero_object,0.04,boundary,1,83786261f270656c,42,33002,2003002,0,280,7.473,1,7.189,5.03578,5.45891,
libero_object_task5,libero_object,0.04,boundary,1,0920e680d2cfe87e,43,33003,2003003,1,168,10.613,1,7.189,8.52333,8.80734,
libero_object_task5,libero_object,0.04,boundary,1,0edb14e82f708426,44,33004,2003004,0,280,6.418,0,7.189,5.04598,5.23776,
libero_object_task5,libero_object,0.04,boundary,1,726bca37758ba1d1,45,33005,2003005,0,280,6.187,0,7.189,4.82609,5.29582,
libero_object_task5,libero_object,0.04,boundary,1,e9a131716e964a65,46,33006,2003006,0,280,4.948,0,7.189,3.71263,4.3519,
libero_object_task5,libero_object,0.04,boundary,1,45ff8af7858e96ef,47,33007,2003007,1,129,8.293,1,7.189,6.04226,6.20045,
libero_object_task5,libero_object,0.04,boundary,1,ea318d768a9e08b0,48,33008,2003008,0,280,8.656,1,7.189,6.04344,6.3867,
libero_object_task5,libero_object,0.04,boundary,1,5a4f472f43d7a527,49,33009,2003009,0,280,6.674,0,7.189,5.10027,5.35962,
libero_object_task5,libero_object,0.04,boundary,1,e31fd45e572fae7a,41,33011,2003011,0,280,6.461,0,7.189,3.98496,4.64599,
libero_object_task5,libero_object,0.04,boundary,1,affb74ddeac30b9f,42,33012,2003012,1,224,7.234,1,7.189,4.40924,4.98005,
libero_object_task5,libero_object,0.04,boundary,1,ec6110d8674eb18e,43,33013,2003013,1,165,9.789,1,7.189,7.91728,8.38548,
libero_object_task5,libero_object,0.04,boundary,1,cafa4d974370fa56,44,33014,2003014,0,280,4.836,0,7.189,4.29472,4.70726,
libero_object_task5,libero_object,0.06,OOD,0,1d5dc796e202faca,40,34000,2004000,0,280,8.358,1,7.189,5.90632,6.54087,
libero_object_task5,libero_object,0.06,OOD,0,7496e3261288647e,41,34001,2004001,0,280,7.139,0,7.189,5.69625,5.93189,
libero_object_task5,libero_object,0.06,OOD,0,ea62639e1ce1cf66,42,34002,2004002,1,131,6.712,0,7.189,4.92091,5.16568,
libero_object_task5,libero_object,0.06,OOD,0,3c7311d7b2b872df,43,34003,2004003,0,280,12.347,1,7.189,10.32577,10.56937,
libero_object_task5,libero_object,0.06,OOD,0,0e8b3623b9590bd2,44,34004,2004004,1,136,9.576,1,7.189,6.38371,6.59988,
libero_object_task5,libero_object,0.06,OOD,0,9ba83e418b2fff1b,46,34006,2004006,0,280,9.223,1,7.189,5.61048,5.86145,
libero_object_task5,libero_object,0.06,OOD,0,af7c31308e3731f4,48,34008,2004008,0,280,9.141,1,7.189,7.45536,7.75999,
libero_object_task5,libero_object,0.06,OOD,0,8f093015652fc2c1,49,34009,2004009,0,280,7.174,0,7.189,5.62455,6.09795,
libero_object_task5,libero_object,0.06,OOD,0,5c92fd5b2bb44234,40,34010,2004010,1,127,7.169,0,7.189,4.96639,5.67282,
libero_object_task5,libero_object,0.06,OOD,0,9f08d2f4c22e87fb,41,34011,2004011,0,280,7.257,1,7.189,6.01098,6.13263,
libero_object_task5,libero_object,0.06,OOD,0,86330f686713d453,42,34012,2004012,0,280,6.969,0,7.189,4.40036,5.21051,
libero_object_task5,libero_object,0.06,OOD,0,5ba475cb4cc6767c,43,34013,2004013,0,280,8.634,1,7.189,7.85908,8.0583,
libero_object_task5,libero_object,0.06,OOD,0,f857e1aadec925b4,44,34014,2004014,1,108,5.685,0,7.189,4.65021,4.96156,
libero_object_task5,libero_object,0.08,OOD,0,40d7a970a3e26e56,40,35000,2005000,0,280,8.413,1,7.189,5.5765,5.93124,
libero_object_task5,libero_object,0.08,OOD,0,98b5314d41788d11,41,35001,2005001,0,280,9.405,1,7.189,5.2553,5.62968,
libero_object_task5,libero_object,0.08,OOD,0,b430629aa5c26d70,42,35002,2005002,0,280,9.134,1,7.189,6.25445,6.56307,
libero_object_task5,libero_object,0.08,OOD,0,e39a04d939ac81ef,44,35004,2005004,0,280,7.828,1,7.189,5.31416,5.67713,
libero_object_task5,libero_object,0.08,OOD,0,2e9672fb7075d5cb,45,35005,2005005,0,280,8.453,1,7.189,5.9594,6.4169,
libero_object_task5,libero_object,0.08,OOD,0,563d5523c2c97423,46,35006,2005006,0,280,8.566,1,7.189,5.59304,5.96006,
libero_object_task5,libero_object,0.08,OOD,0,7c8b2e83bb06968e,47,35007,2005007,0,280,10.111,1,7.189,7.17915,7.3282,
libero_object_task5,libero_object,0.08,OOD,0,453287f2dd2c0aaf,48,35008,2005008,1,220,9.078,1,7.189,5.72336,5.92035,
libero_object_task5,libero_object,0.08,OOD,0,491e85503c1fe09f,41,35011,2005011,1,124,7.272,1,7.189,4.72593,4.99212,
libero_object_task5,libero_object,0.08,OOD,0,3030f58720ce691e,42,35012,2005012,0,280,6.955,0,7.189,4.50867,5.05688,
libero_object_task5,libero_object,0.08,OOD,0,8f4bd182104689ea,44,35014,2005014,0,280,8.202,1,7.189,5.86684,6.02281,
libero_goal_task0,libero_goal,0.01,ID,1,eecf1a795ca46ced,40,31000,2001000,1,131,5.003,0,6.155,5.42574,5.83027,
libero_goal_task0,libero_goal,0.01,ID,1,969eef6d9b2e1bb1,41,31001,2001001,1,140,5.743,0,6.155,5.82708,6.38038,
libero_goal_task0,libero_goal,0.01,ID,1,99bc6404d669a79e,42,31002,2001002,1,130,5.539,0,6.155,5.3265,5.56517,
libero_goal_task0,libero_goal,0.01,ID,1,8d1ae660ad64ec3c,43,31003,2001003,0,300,5.567,0,6.155,4.82195,5.36047,
libero_goal_task0,libero_goal,0.01,ID,1,f3adf0d84c65c6cc,44,31004,2001004,1,163,5.056,0,6.155,5.31372,5.62936,
libero_goal_task0,libero_goal,0.01,ID,1,89acd959446d7563,45,31005,2001005,1,151,4.502,0,6.155,4.94852,5.28289,
libero_goal_task0,libero_goal,0.01,ID,1,c2001e62b7a54e64,46,31006,2001006,1,130,5.942,0,6.155,5.76292,6.27762,
libero_goal_task0,libero_goal,0.01,ID,1,ca46625a88bc6fa3,47,31007,2001007,1,119,5.727,0,6.155,5.46972,5.89875,
libero_goal_task0,libero_goal,0.01,ID,1,cecaa753b00a5cfc,48,31008,2001008,1,135,4.878,0,6.155,5.38213,5.64883,
libero_goal_task0,libero_goal,0.01,ID,1,cc20b9e4347a497b,49,31009,2001009,1,174,6.196,1,6.155,6.28709,6.77262,
libero_goal_task0,libero_goal,0.01,ID,1,88ee471559cc3ac5,40,31010,2001010,1,126,4.637,0,6.155,5.22076,5.69775,
libero_goal_task0,libero_goal,0.01,ID,1,14fddc799980fd27,41,31011,2001011,0,300,6.506,1,6.155,6.36988,6.7915,
libero_goal_task0,libero_goal,0.01,ID,1,94989e190b89b41d,42,31012,2001012,1,118,4.759,0,6.155,5.31463,5.62878,
libero_goal_task0,libero_goal,0.01,ID,1,c02ea9d2302fa8df,43,31013,2001013,1,149,5.891,0,6.155,6.1297,6.82676,
libero_goal_task0,libero_goal,0.01,ID,1,c87341d86f9428bf,44,31014,2001014,1,189,5.825,0,6.155,5.52452,5.97771,
libero_goal_task0,libero_goal,0.02,boundary,1,1ddb8ff59539760d,40,32000,2002000,1,128,4.979,0,6.155,5.42812,5.88891,
libero_goal_task0,libero_goal,0.02,boundary,1,b1b6289cf0223d69,41,32001,2002001,1,203,7.529,1,6.155,7.55293,7.94119,
libero_goal_task0,libero_goal,0.02,boundary,1,2e1d8f2559793e95,42,32002,2002002,1,117,4.007,0,6.155,4.73822,5.09456,
libero_goal_task0,libero_goal,0.02,boundary,1,4c53ca81a8572f66,43,32003,2002003,1,146,5.174,0,6.155,5.29117,5.86154,
libero_goal_task0,libero_goal,0.02,boundary,1,146363d1a80216b4,44,32004,2002004,0,300,4.673,0,6.155,5.39037,5.84512,
libero_goal_task0,libero_goal,0.02,boundary,1,351216f49454cabe,45,32005,2002005,0,300,4.794,0,6.155,5.12608,5.54118,
libero_goal_task0,libero_goal,0.02,boundary,1,a2257528b79d024a,46,32006,2002006,1,172,5.522,0,6.155,5.70266,6.01743,
libero_goal_task0,libero_goal,0.02,boundary,1,46d64ce94a9b8f96,47,32007,2002007,1,123,5.865,0,6.155,5.5064,5.84419,
libero_goal_task0,libero_goal,0.02,boundary,1,768cfea70da412bc,48,32008,2002008,0,300,4.446,0,6.155,5.17657,5.45934,
libero_goal_task0,libero_goal,0.02,boundary,1,9840e64781c70a04,49,32009,2002009,1,138,5.414,0,6.155,6.11849,6.54152,
libero_goal_task0,libero_goal,0.02,boundary,1,1256984a10b21ed7,40,32010,2002010,1,134,5.818,0,6.155,5.91238,6.22408,
libero_goal_task0,libero_goal,0.02,boundary,1,81b2e5b56a3660df,41,32011,2002011,1,177,7.305,1,6.155,6.87181,7.3077,
libero_goal_task0,libero_goal,0.02,boundary,1,32d32bb90d2f4dd3,42,32012,2002012,1,142,4.239,0,6.155,5.23327,5.41561,
libero_goal_task0,libero_goal,0.02,boundary,1,60045f336adb16b5,43,32013,2002013,1,187,6.316,1,6.155,6.47927,7.10427,
libero_goal_task0,libero_goal,0.02,boundary,1,bb26ded2d7553e7a,44,32014,2002014,1,196,5.498,0,6.155,5.28511,5.79767,
libero_goal_task0,libero_goal,0.04,boundary,1,8e10d29c0d72baa3,40,33000,2003000,1,141,5.606,0,6.155,6.31926,6.61766,
libero_goal_task0,libero_goal,0.04,boundary,1,c4e5ff6072be92a0,41,33001,2003001,1,200,7.799,1,6.155,7.93569,8.61775,
libero_goal_task0,libero_goal,0.04,boundary,1,f9c6ea6d97400c29,42,33002,2003002,1,109,4.995,0,6.155,5.3955,5.87733,
libero_goal_task0,libero_goal,0.04,boundary,1,4247135cbb460413,43,33003,2003003,1,161,6.331,1,6.155,5.53207,5.98236,
libero_goal_task0,libero_goal,0.04,boundary,1,4b948a58fe451d4b,44,33004,2003004,1,147,5.824,0,6.155,6.02292,6.19154,
libero_goal_task0,libero_goal,0.04,boundary,1,f4705a88cf551dee,45,33005,2003005,1,240,5.589,0,6.155,6.05935,6.37107,
libero_goal_task0,libero_goal,0.04,boundary,1,7c6840c259273b82,46,33006,2003006,1,138,6.267,1,6.155,6.2266,6.50054,
libero_goal_task0,libero_goal,0.04,boundary,1,3f99beb9c47258fd,47,33007,2003007,1,136,6.901,1,6.155,6.55918,6.92286,
libero_goal_task0,libero_goal,0.04,boundary,1,19d7aa75528d6a34,48,33008,2003008,1,250,4.618,0,6.155,6.00614,6.15884,
libero_goal_task0,libero_goal,0.04,boundary,1,3215f2d39f393f3a,49,33009,2003009,0,300,7.839,1,6.155,7.65604,8.18812,
libero_goal_task0,libero_goal,0.04,boundary,1,7f7944695a3b8e36,40,33010,2003010,1,121,5.609,0,6.155,5.73525,6.16621,
libero_goal_task0,libero_goal,0.04,boundary,1,a3274e52910d37fb,41,33011,2003011,1,190,7.547,1,6.155,7.27527,7.71787,
libero_goal_task0,libero_goal,0.04,boundary,1,951a3666919b2ed8,42,33012,2003012,1,189,5.247,0,6.155,5.8107,6.19334,
libero_goal_task0,libero_goal,0.04,boundary,1,b3821968c3dc3455,43,33013,2003013,1,156,5.515,0,6.155,5.03216,5.44799,
libero_goal_task0,libero_goal,0.04,boundary,1,b11bafd9715f8c09,44,33014,2003014,0,300,6.386,1,6.155,6.00095,6.64717,
libero_goal_task0,libero_goal,0.06,OOD,0,8334e72da92da3c5,40,34000,2004000,1,222,5.293,0,6.155,5.37682,5.72675,
libero_goal_task0,libero_goal,0.06,OOD,0,cf379e929f1fb921,41,34001,2004001,1,122,5.357,0,6.155,5.41217,6.04803,
libero_goal_task0,libero_goal,0.06,OOD,0,d0b681be631e3d4d,42,34002,2004002,0,300,4.784,0,6.155,5.73628,6.05769,
libero_goal_task0,libero_goal,0.06,OOD,0,09ff821975fce36d,43,34003,2004003,1,128,7.992,1,6.155,7.32553,7.6618,
libero_goal_task0,libero_goal,0.06,OOD,0,d572096fd20fbadc,44,34004,2004004,1,144,6.198,1,6.155,5.98586,6.28048,
libero_goal_task0,libero_goal,0.06,OOD,0,117a16894087759a,45,34005,2004005,1,284,5.241,0,6.155,5.84609,6.20319,
libero_goal_task0,libero_goal,0.06,OOD,0,68197e8f0a151e1d,46,34006,2004006,1,166,7.753,1,6.155,6.44598,6.99993,
libero_goal_task0,libero_goal,0.06,OOD,0,6799b985c9acaefc,47,34007,2004007,0,300,7.0,1,6.155,6.56284,6.99085,
libero_goal_task0,libero_goal,0.06,OOD,0,163717a8ceeb5edd,48,34008,2004008,1,195,6.629,1,6.155,6.98534,7.1475,
libero_goal_task0,libero_goal,0.06,OOD,0,12367f5671a8ce8d,49,34009,2004009,1,243,6.518,1,6.155,6.06269,6.51881,
libero_goal_task0,libero_goal,0.06,OOD,0,4e94372bfd41de14,40,34010,2004010,1,138,4.796,0,6.155,5.85796,6.2936,
libero_goal_task0,libero_goal,0.06,OOD,0,32c2f7fc8768449c,42,34012,2004012,1,148,4.782,0,6.155,5.17213,5.51256,
libero_goal_task0,libero_goal,0.06,OOD,0,df57b6c77a45f31d,43,34013,2004013,1,144,6.272,1,6.155,6.06183,6.38697,
libero_goal_task0,libero_goal,0.06,OOD,0,a7110b173246906d,44,34014,2004014,1,145,5.561,0,6.155,5.92774,6.26456,
libero_goal_task0,libero_goal,0.08,OOD,0,3c0eeca52f00f815,40,35000,2005000,1,120,7.508,1,6.155,6.90959,7.137,
libero_goal_task0,libero_goal,0.08,OOD,0,e5f1f3639e0472b4,41,35001,2005001,0,300,8.276,1,6.155,8.02593,8.75843,
libero_goal_task0,libero_goal,0.08,OOD,0,d0a0d2291605db3d,42,35002,2005002,1,140,5.75,0,6.155,5.5178,6.10358,
libero_goal_task0,libero_goal,0.08,OOD,0,5005a56616bf6f09,43,35003,2005003,1,126,6.496,1,6.155,6.13958,6.32782,
libero_goal_task0,libero_goal,0.08,OOD,0,46822f3cbd1b4a29,45,35005,2005005,0,300,8.018,1,6.155,6.74287,7.19804,
libero_goal_task0,libero_goal,0.08,OOD,0,043b81f3e1c2bef2,46,35006,2005006,1,130,5.478,0,6.155,5.96454,6.24401,
libero_goal_task0,libero_goal,0.08,OOD,0,cabef772190872a7,47,35007,2005007,0,300,5.718,0,6.155,5.76261,6.22425,
libero_goal_task0,libero_goal,0.08,OOD,0,c2fff6a52bc84d01,48,35008,2005008,0,300,7.435,1,6.155,6.61309,7.06614,
libero_goal_task0,libero_goal,0.08,OOD,0,a6c9b03ab72e9101,49,35009,2005009,0,300,6.814,1,6.155,6.72173,6.95424,
libero_goal_task0,libero_goal,0.08,OOD,0,d764d4866745feb7,40,35010,2005010,1,298,6.655,1,6.155,6.21323,6.62461,
libero_goal_task0,libero_goal,0.08,OOD,0,993c00937fe56a05,41,35011,2005011,1,127,7.829,1,6.155,6.91073,7.40665,
libero_goal_task0,libero_goal,0.08,OOD,0,013777d89364b435,42,35012,2005012,0,300,5.78,0,6.155,5.74508,6.12908,
libero_goal_task0,libero_goal,0.08,OOD,0,4d5fd08ccea9670a,43,35013,2005013,0,300,6.189,1,6.155,6.46179,6.72532,
libero_goal_task0,libero_goal,0.08,OOD,0,edfa70f8fbb34969,44,35014,2005014,1,142,7.354,1,6.155,6.52369,6.75191,
libero_goal_task2,libero_goal,0.01,ID,1,0e53cba1b496bc0c,40,31000,2001000,1,88,7.162,0,7.539,6.23855,6.48324,
libero_goal_task2,libero_goal,0.01,ID,1,da3242c6d11b631a,41,31001,2001001,1,89,6.148,0,7.539,5.21582,5.8854,
libero_goal_task2,libero_goal,0.01,ID,1,730e1d932f82c1c5,42,31002,2001002,1,91,5.515,0,7.539,5.41872,5.86407,
libero_goal_task2,libero_goal,0.01,ID,1,ae517799026928db,43,31003,2001003,1,96,7.811,1,7.539,6.19833,6.40719,
libero_goal_task2,libero_goal,0.01,ID,1,49adf87291866583,44,31004,2001004,1,87,6.291,0,7.539,5.45559,5.97432,
libero_goal_task2,libero_goal,0.01,ID,1,190a425a655f3298,45,31005,2001005,1,84,6.427,0,7.539,5.85189,6.16816,
libero_goal_task2,libero_goal,0.01,ID,1,e71f7126bb5c6753,46,31006,2001006,1,83,6.674,0,7.539,6.14718,6.54018,
libero_goal_task2,libero_goal,0.01,ID,1,76c50b00dc6682cf,47,31007,2001007,1,89,5.775,0,7.539,5.21074,5.52059,
libero_goal_task2,libero_goal,0.01,ID,1,d24917ca60539e23,48,31008,2001008,1,86,6.364,0,7.539,5.37804,6.01044,
libero_goal_task2,libero_goal,0.01,ID,1,9db8add4f3cfdd73,49,31009,2001009,1,99,4.986,0,7.539,5.58737,6.02845,
libero_goal_task2,libero_goal,0.01,ID,1,80d0e8e75bc8ff2a,40,31010,2001010,1,91,7.393,0,7.539,5.93884,6.2357,
libero_goal_task2,libero_goal,0.01,ID,1,f339354fac698ae0,41,31011,2001011,1,91,6.415,0,7.539,5.06741,5.52652,
libero_goal_task2,libero_goal,0.01,ID,1,a65d111ad5f7e77f,42,31012,2001012,1,89,4.686,0,7.539,5.18599,5.49513,
libero_goal_task2,libero_goal,0.01,ID,1,0f14f60acd186b08,43,31013,2001013,1,95,7.032,0,7.539,5.99964,6.3059,
libero_goal_task2,libero_goal,0.01,ID,1,4d7717c75a01f5c2,44,31014,2001014,1,88,5.757,0,7.539,4.44476,5.067,
libero_goal_task2,libero_goal,0.02,boundary,1,5bdadd7f4aabe7bb,40,32000,2002000,1,80,7.151,0,7.539,6.58947,6.86416,
libero_goal_task2,libero_goal,0.02,boundary,1,b642ba3653ca1226,41,32001,2002001,1,93,5.593,0,7.539,4.27157,4.84817,
libero_goal_task2,libero_goal,0.02,boundary,1,eab20722eca9c931,42,32002,2002002,0,300,5.373,0,7.539,5.39102,5.56722,
libero_goal_task2,libero_goal,0.02,boundary,1,f926389d3fc81d26,43,32003,2002003,1,96,6.374,0,7.539,6.35277,6.77472,
libero_goal_task2,libero_goal,0.02,boundary,1,d191aa9b7bce36be,44,32004,2002004,1,88,6.699,0,7.539,5.75074,6.30373,
libero_goal_task2,libero_goal,0.02,boundary,1,71b0ce3609f0e896,45,32005,2002005,1,77,6.298,0,7.539,5.04923,5.47522,
libero_goal_task2,libero_goal,0.02,boundary,1,24fb3c3c39875e0c,46,32006,2002006,1,87,5.994,0,7.539,5.22302,5.94284,
libero_goal_task2,libero_goal,0.02,boundary,1,5e9f322f4018a626,47,32007,2002007,1,88,4.486,0,7.539,5.19542,5.49168,
libero_goal_task2,libero_goal,0.02,boundary,1,f28840e01c68bb9d,48,32008,2002008,1,96,6.071,0,7.539,5.51778,5.89383,
libero_goal_task2,libero_goal,0.02,boundary,1,3257a479e9f96f32,49,32009,2002009,1,94,6.117,0,7.539,5.70341,5.9667,
libero_goal_task2,libero_goal,0.02,boundary,1,22af460b52e7eb4e,40,32010,2002010,1,87,8.226,1,7.539,6.92264,7.21888,
libero_goal_task2,libero_goal,0.02,boundary,1,da34d3142a8f05b1,41,32011,2002011,1,92,5.633,0,7.539,4.60609,4.98273,
libero_goal_task2,libero_goal,0.02,boundary,1,4beb7ec4cbc2020f,42,32012,2002012,1,96,5.978,0,7.539,5.70405,5.93982,
libero_goal_task2,libero_goal,0.02,boundary,1,938bc5f2b5c48697,43,32013,2002013,1,92,6.361,0,7.539,5.84576,6.24287,
libero_goal_task2,libero_goal,0.02,boundary,1,180768bd02035763,44,32014,2002014,1,78,6.336,0,7.539,5.21245,5.80116,
libero_goal_task2,libero_goal,0.04,boundary,1,bf292dde0f6fcc22,40,33000,2003000,1,88,6.508,0,7.539,6.24276,6.38923,
libero_goal_task2,libero_goal,0.04,boundary,1,42925e41e94b41c3,41,33001,2003001,1,91,6.1,0,7.539,5.04691,5.57975,
libero_goal_task2,libero_goal,0.04,boundary,1,4e8c17e00e73bb93,42,33002,2003002,0,300,8.227,1,7.539,7.60507,7.88638,
libero_goal_task2,libero_goal,0.04,boundary,1,2ce54e3cbedd8ec9,43,33003,2003003,1,97,9.685,1,7.539,6.78009,7.48464,
libero_goal_task2,libero_goal,0.04,boundary,1,8ae237d1dc8d7ff5,44,33004,2003004,1,82,6.681,0,7.539,4.77419,5.24406,
libero_goal_task2,libero_goal,0.04,boundary,1,9c389bdcfc171807,45,33005,2003005,1,86,6.504,0,7.539,6.16057,6.3818,
libero_goal_task2,libero_goal,0.04,boundary,1,152c6965a188e58e,46,33006,2003006,1,91,6.975,0,7.539,5.36987,6.14498,
libero_goal_task2,libero_goal,0.04,boundary,1,33b7df6b2ee4a840,47,33007,2003007,0,300,5.447,0,7.539,5.35428,5.74168,
libero_goal_task2,libero_goal,0.04,boundary,1,288339ddca31f854,48,33008,2003008,1,93,8.306,1,7.539,6.60271,7.21293,
libero_goal_task2,libero_goal,0.04,boundary,1,0fc9a972667c7451,49,33009,2003009,1,92,6.11,0,7.539,5.41502,5.95994,
libero_goal_task2,libero_goal,0.04,boundary,1,700f8eedbd1c2c43,40,33010,2003010,1,82,6.744,0,7.539,5.81671,6.07672,
libero_goal_task2,libero_goal,0.04,boundary,1,696955ce9fa20516,41,33011,2003011,0,300,9.303,1,7.539,7.06151,7.33571,
libero_goal_task2,libero_goal,0.04,boundary,1,b59cda065d9bc14d,42,33012,2003012,1,102,6.223,0,7.539,5.78651,6.04799,
libero_goal_task2,libero_goal,0.04,boundary,1,b4d0104405ff8a81,43,33013,2003013,1,88,8.203,1,7.539,6.57688,6.80617,
libero_goal_task2,libero_goal,0.04,boundary,1,f73f89ad0011a5b6,44,33014,2003014,1,81,6.008,0,7.539,5.01443,5.31072,
libero_goal_task2,libero_goal,0.06,OOD,0,2248abcd0015bdd3,40,34000,2004000,1,90,8.383,1,7.539,6.28261,6.57604,
libero_goal_task2,libero_goal,0.06,OOD,0,c5c973610a1b099f,41,34001,2004001,1,84,5.435,0,7.539,5.09004,5.25457,
libero_goal_task2,libero_goal,0.06,OOD,0,21bcb42830403342,42,34002,2004002,1,113,7.102,0,7.539,6.84271,7.14089,
libero_goal_task2,libero_goal,0.06,OOD,0,5bd6085909d624da,43,34003,2004003,0,300,8.864,1,7.539,7.70714,7.96219,
libero_goal_task2,libero_goal,0.06,OOD,0,ca1aed852e2c7ce5,44,34004,2004004,1,80,6.686,0,7.539,5.32846,5.74439,
libero_goal_task2,libero_goal,0.06,OOD,0,9c0601ed05acdad2,45,34005,2004005,1,83,7.172,0,7.539,6.21358,6.5084,
libero_goal_task2,libero_goal,0.06,OOD,0,44b4f3dc4c2ae1a3,46,34006,2004006,0,300,8.635,1,7.539,7.65572,8.44098,
libero_goal_task2,libero_goal,0.06,OOD,0,412ed54160dfdf45,47,34007,2004007,1,92,5.139,0,7.539,4.80307,5.19794,
libero_goal_task2,libero_goal,0.06,OOD,0,f09b26b786d84a3a,48,34008,2004008,1,87,7.461,0,7.539,6.57121,6.80509,
libero_goal_task2,libero_goal,0.06,OOD,0,dd3f3d0d525386b1,49,34009,2004009,0,300,15.081,1,7.539,11.58309,12.07568,
libero_goal_task2,libero_goal,0.06,OOD,0,bbbf5df77bf62e68,40,34010,2004010,1,88,7.445,0,7.539,6.23168,6.58318,
libero_goal_task2,libero_goal,0.06,OOD,0,7ac8ecd8aaf911b7,41,34011,2004011,0,300,7.808,1,7.539,6.43991,6.78585,
libero_goal_task2,libero_goal,0.06,OOD,0,67dd9ab5a9a6e05c,42,34012,2004012,1,85,6.588,0,7.539,5.88489,6.1394,
libero_goal_task2,libero_goal,0.06,OOD,0,c14fc37f86930f1b,43,34013,2004013,0,300,11.431,1,7.539,9.57785,9.93286,
libero_goal_task2,libero_goal,0.06,OOD,0,03bc239fe2deb9d0,44,34014,2004014,1,87,5.835,0,7.539,4.84977,5.31147,
libero_goal_task2,libero_goal,0.08,OOD,0,b46756247a32bdba,40,35000,2005000,0,300,8.593,1,7.539,6.60544,6.76999,
libero_goal_task2,libero_goal,0.08,OOD,0,2bdf483553f4a33f,41,35001,2005001,1,97,6.846,0,7.539,5.26171,5.46923,
libero_goal_task2,libero_goal,0.08,OOD,0,5ba0fad95f1eaea8,42,35002,2005002,1,93,6.355,0,7.539,6.31647,6.55509,
libero_goal_task2,libero_goal,0.08,OOD,0,84aa1230a72b4d9c,43,35003,2005003,0,300,12.331,1,7.539,8.89622,9.10875,
libero_goal_task2,libero_goal,0.08,OOD,0,b4b22a30ac2369e2,44,35004,2005004,1,83,9.204,1,7.539,7.03528,7.58907,
libero_goal_task2,libero_goal,0.08,OOD,0,01ddc93435ad7be4,45,35005,2005005,0,300,8.237,1,7.539,6.69563,7.13436,
libero_goal_task2,libero_goal,0.08,OOD,0,239ecaf288460de4,46,35006,2005006,1,88,6.871,0,7.539,5.2385,5.77317,
libero_goal_task2,libero_goal,0.08,OOD,0,50d91cd9d013c207,47,35007,2005007,1,93,6.806,0,7.539,5.86147,6.17566,
libero_goal_task2,libero_goal,0.08,OOD,0,a5da980dc2675e28,48,35008,2005008,1,99,6.622,0,7.539,6.85003,7.15254,
libero_goal_task2,libero_goal,0.08,OOD,0,70050ce33719fac6,49,35009,2005009,1,99,7.509,0,7.539,6.63425,6.81439,
libero_goal_task2,libero_goal,0.08,OOD,0,cdbbec3cfad59722,40,35010,2005010,0,300,7.813,1,7.539,6.19043,6.50941,
libero_goal_task2,libero_goal,0.08,OOD,0,f62a1990d2013a96,41,35011,2005011,0,300,7.149,0,7.539,5.37219,5.85938,
libero_goal_task2,libero_goal,0.08,OOD,0,cb1c249d5b90f786,42,35012,2005012,1,92,7.364,0,7.539,5.73967,6.34846,
libero_goal_task2,libero_goal,0.08,OOD,0,a15274a069e1b4e5,43,35013,2005013,0,300,13.082,1,7.539,9.37145,9.79698,
libero_goal_task2,libero_goal,0.08,OOD,0,2c00d5a43a4a7ae7,44,35014,2005014,0,300,8.367,1,7.539,5.58729,5.99872,
libero_spatial_task0,libero_spatial,0.01,ID,1,1f7f0263c7ae6bbf,40,31000,2001000,1,78,4.738,0,6.822,5.19789,5.75053,
libero_spatial_task0,libero_spatial,0.01,ID,1,42bd68024f96792b,41,31001,2001001,1,73,7.004,1,6.822,6.09645,6.49801,
libero_spatial_task0,libero_spatial,0.01,ID,1,74f65fe824c90d3d,42,31002,2001002,1,80,5.846,0,6.822,6.11591,6.3959,
libero_spatial_task0,libero_spatial,0.01,ID,1,8bd85f98c1b0dffa,43,31003,2001003,1,77,4.583,0,6.822,5.42498,5.76552,
libero_spatial_task0,libero_spatial,0.01,ID,1,0f97e907a3d4b90c,44,31004,2001004,1,72,5.686,0,6.822,6.2297,6.47305,
libero_spatial_task0,libero_spatial,0.01,ID,1,037c3a0c088cbe8f,45,31005,2001005,1,84,5.96,0,6.822,6.14635,6.37536,
libero_spatial_task0,libero_spatial,0.01,ID,1,945229b4bec02ae3,46,31006,2001006,1,79,6.635,0,6.822,6.65951,6.91379,
libero_spatial_task0,libero_spatial,0.01,ID,1,c764337307860b7e,47,31007,2001007,1,76,5.545,0,6.822,6.16756,6.67882,
libero_spatial_task0,libero_spatial,0.01,ID,1,c962bb603d9aaa3b,48,31008,2001008,1,80,5.73,0,6.822,5.38686,5.75118,
libero_spatial_task0,libero_spatial,0.01,ID,1,8bdfa2e83709166f,49,31009,2001009,1,77,5.49,0,6.822,5.84497,6.13514,
libero_spatial_task0,libero_spatial,0.01,ID,1,4fa5c63fe984dc4c,40,31010,2001010,1,77,4.971,0,6.822,4.71752,5.246,
libero_spatial_task0,libero_spatial,0.01,ID,1,efc3cfb3c403be2d,41,31011,2001011,1,74,6.663,0,6.822,6.32243,6.49091,
libero_spatial_task0,libero_spatial,0.01,ID,1,191ece50a4eff103,42,31012,2001012,1,84,7.421,1,6.822,6.46064,6.68192,
libero_spatial_task0,libero_spatial,0.01,ID,1,4764a18a0090d4ca,43,31013,2001013,1,77,5.955,0,6.822,5.17726,5.72537,
libero_spatial_task0,libero_spatial,0.01,ID,1,990ed9e501641da1,44,31014,2001014,1,76,5.963,0,6.822,6.39154,6.7023,
libero_spatial_task0,libero_spatial,0.02,boundary,1,61fe8db984593e72,40,32000,2002000,0,220,4.405,0,6.822,4.98559,5.47237,
libero_spatial_task0,libero_spatial,0.02,boundary,1,0bccd8f4deaf48d1,41,32001,2002001,1,85,6.437,0,6.822,6.03635,6.3512,
libero_spatial_task0,libero_spatial,0.02,boundary,1,e34d656dfee44d44,42,32002,2002002,1,78,6.82,0,6.822,7.16634,7.4274,
libero_spatial_task0,libero_spatial,0.02,boundary,1,0dadc0b20584a9a9,43,32003,2002003,1,80,6.572,0,6.822,5.99954,6.39636,
libero_spatial_task0,libero_spatial,0.02,boundary,1,632ab1cba856eb9a,44,32004,2002004,1,81,5.241,0,6.822,5.97418,6.27177,
libero_spatial_task0,libero_spatial,0.02,boundary,1,dd3bcf6edb7a3058,45,32005,2002005,1,79,6.061,0,6.822,6.19757,6.35753,
libero_spatial_task0,libero_spatial,0.02,boundary,1,e38c0380c9ae9e93,46,32006,2002006,1,141,5.89,0,6.822,6.1266,6.47395,
libero_spatial_task0,libero_spatial,0.02,boundary,1,79b5e37b0511a2a7,47,32007,2002007,1,75,6.07,0,6.822,6.00489,6.74442,
libero_spatial_task0,libero_spatial,0.02,boundary,1,6b5bff89d5a1a794,48,32008,2002008,1,73,5.844,0,6.822,5.84105,6.42885,
libero_spatial_task0,libero_spatial,0.02,boundary,1,2d5d2a0b2498b6bc,40,32010,2002010,1,77,3.325,0,6.822,4.09557,4.77439,
libero_spatial_task0,libero_spatial,0.02,boundary,1,cf480f276384b2fa,41,32011,2002011,1,77,6.698,0,6.822,6.88511,7.11889,
libero_spatial_task0,libero_spatial,0.02,boundary,1,97fc10f34a8cabfe,42,32012,2002012,1,81,6.593,0,6.822,6.81078,7.06703,
libero_spatial_task0,libero_spatial,0.02,boundary,1,c811f162e1f74d54,43,32013,2002013,1,78,5.407,0,6.822,5.22949,5.9745,
libero_spatial_task0,libero_spatial,0.02,boundary,1,f09ce115ca09f161,44,32014,2002014,0,220,5.867,0,6.822,5.79716,6.17679,
libero_spatial_task0,libero_spatial,0.04,boundary,1,83c6e01903880ee9,40,33000,2003000,1,79,3.993,0,6.822,4.72364,5.048,
libero_spatial_task0,libero_spatial,0.04,boundary,1,c42e20a795d0b17e,41,33001,2003001,1,74,7.055,1,6.822,6.37006,6.56997,
libero_spatial_task0,libero_spatial,0.04,boundary,1,c829fc54d3dfb30d,42,33002,2003002,1,78,5.299,0,6.822,5.77548,6.09517,
libero_spatial_task0,libero_spatial,0.04,boundary,1,952e0b24566de3d3,43,33003,2003003,1,77,6.49,0,6.822,5.83053,6.31517,
libero_spatial_task0,libero_spatial,0.04,boundary,1,4dc86c396d62608e,44,33004,2003004,0,220,5.513,0,6.822,5.92854,6.17328,
libero_spatial_task0,libero_spatial,0.04,boundary,1,253fba397549d476,45,33005,2003005,1,81,5.946,0,6.822,5.41562,5.78696,
libero_spatial_task0,libero_spatial,0.04,boundary,1,b6816d37031fd039,46,33006,2003006,1,175,6.955,1,6.822,6.95365,7.25413,
libero_spatial_task0,libero_spatial,0.04,boundary,1,e2e8d602795e3b56,47,33007,2003007,1,76,5.575,0,6.822,6.29253,6.74133,
libero_spatial_task0,libero_spatial,0.04,boundary,1,7409e367ac6b0531,48,33008,2003008,0,220,6.83,1,6.822,6.64104,7.1774,
libero_spatial_task0,libero_spatial,0.04,boundary,1,88d76290634ec7a2,49,33009,2003009,0,220,5.458,0,6.822,5.47276,5.79793,
libero_spatial_task0,libero_spatial,0.04,boundary,1,b29ddd5b279b1345,40,33010,2003010,1,75,4.208,0,6.822,4.31082,4.70934,
libero_spatial_task0,libero_spatial,0.04,boundary,1,015f74a687170607,41,33011,2003011,0,220,6.555,0,6.822,5.8653,6.20113,
libero_spatial_task0,libero_spatial,0.04,boundary,1,e01f0c707cedd837,42,33012,2003012,1,81,6.31,0,6.822,5.81677,6.14725,
libero_spatial_task0,libero_spatial,0.04,boundary,1,c117e43d9c646040,43,33013,2003013,1,93,4.875,0,6.822,4.6264,5.07883,
libero_spatial_task0,libero_spatial,0.04,boundary,1,3346e1dd280385ea,44,33014,2003014,1,73,5.789,0,6.822,5.85194,6.22291,
libero_spatial_task0,libero_spatial,0.06,OOD,0,b38cb30a93e03b9b,40,34000,2004000,1,86,6.08,0,6.822,4.95082,5.39261,
libero_spatial_task0,libero_spatial,0.06,OOD,0,3401925c3f13e826,42,34002,2004002,1,77,5.346,0,6.822,5.53527,5.9427,
libero_spatial_task0,libero_spatial,0.06,OOD,0,5cc504cf66d360a1,43,34003,2004003,1,86,5.557,0,6.822,5.37747,5.87672,
libero_spatial_task0,libero_spatial,0.06,OOD,0,c17298bd96ca79a9,44,34004,2004004,0,220,7.333,1,6.822,7.03563,7.22565,
libero_spatial_task0,libero_spatial,0.06,OOD,0,ac4f2316c7866fea,45,34005,2004005,1,128,6.444,0,6.822,6.11773,6.25862,
libero_spatial_task0,libero_spatial,0.06,OOD,0,dbdf8d25deecb690,46,34006,2004006,0,220,5.532,0,6.822,5.78982,6.16616,
libero_spatial_task0,libero_spatial,0.06,OOD,0,564647548c82db49,47,34007,2004007,1,114,6.63,0,6.822,7.03394,7.21968,
libero_spatial_task0,libero_spatial,0.06,OOD,0,3ea6566c8c21c40e,48,34008,2004008,1,82,6.603,0,6.822,5.89699,6.22052,
libero_spatial_task0,libero_spatial,0.06,OOD,0,7330dbc3731c2960,49,34009,2004009,1,73,7.43,1,6.822,6.35722,6.77567,
libero_spatial_task0,libero_spatial,0.06,OOD,0,b960f9af0c8271ff,40,34010,2004010,1,82,4.063,0,6.822,4.64616,5.2476,
libero_spatial_task0,libero_spatial,0.06,OOD,0,cd6779f6ad7ec620,41,34011,2004011,0,220,7.29,1,6.822,6.37402,6.68233,
libero_spatial_task0,libero_spatial,0.06,OOD,0,12a64fa4b5a4092e,42,34012,2004012,1,161,6.947,1,6.822,6.88759,7.33166,
libero_spatial_task0,libero_spatial,0.06,OOD,0,151dd1c12e64f732,43,34013,2004013,0,220,6.742,0,6.822,6.17991,6.41216,
libero_spatial_task0,libero_spatial,0.06,OOD,0,d39fff844ad6aebd,44,34014,2004014,1,88,8.125,1,6.822,7.23132,7.70501,
libero_spatial_task0,libero_spatial,0.08,OOD,0,c649fdfe12bb35a4,40,35000,2005000,0,220,6.256,0,6.822,5.71126,6.25081,
libero_spatial_task0,libero_spatial,0.08,OOD,0,a008bd9c14894da3,42,35002,2005002,1,21,7.106,1,6.822,7.33561,7.66548,
libero_spatial_task0,libero_spatial,0.08,OOD,0,c72ce341ce775919,43,35003,2005003,0,220,5.822,0,6.822,5.7163,6.39541,
libero_spatial_task0,libero_spatial,0.08,OOD,0,7e5d15f7828ff9eb,44,35004,2005004,0,220,6.1,0,6.822,6.04792,6.4963,
libero_spatial_task0,libero_spatial,0.08,OOD,0,4dbe046735109957,46,35006,2005006,1,145,6.68,0,6.822,6.68072,7.04537,
libero_spatial_task0,libero_spatial,0.08,OOD,0,b6dd62999958cc8a,48,35008,2005008,1,74,7.038,1,6.822,6.65089,6.94412,
libero_spatial_task0,libero_spatial,0.08,OOD,0,ca9749e73975baf2,49,35009,2005009,0,220,6.118,0,6.822,6.60516,6.97708,
libero_spatial_task0,libero_spatial,0.08,OOD,0,fb943d7c155a3cf4,40,35010,2005010,0,220,5.26,0,6.822,4.79738,5.34338,
libero_spatial_task0,libero_spatial,0.08,OOD,0,11370bae79466cc0,42,35012,2005012,0,220,5.682,0,6.822,5.79912,6.17118,
libero_spatial_task0,libero_spatial,0.08,OOD,0,0c518cacf14a926a,43,35013,2005013,0,220,6.631,0,6.822,5.25491,5.81183,
libero_spatial_task0,libero_spatial,0.08,OOD,0,bcad0e2e0654caaf,44,35014,2005014,1,72,7.159,1,6.822,6.77288,7.19783,
libero_10_task0,libero_10,0.01,ID,1,ee6af4602b98224e,40,31000,2001000,1,258,4.97,0,8.609,4.97637,5.27981,
libero_10_task0,libero_10,0.01,ID,1,eb575cb0d1f0a69a,41,31001,2001001,0,520,8.098,0,8.609,6.50785,7.0054,
libero_10_task0,libero_10,0.01,ID,1,c8a8f71c964526c9,42,31002,2001002,1,259,7.094,0,8.609,7.08467,7.54425,
libero_10_task0,libero_10,0.01,ID,1,670a20b103e1a83a,43,31003,2001003,0,520,7.898,0,8.609,6.73348,7.0801,
libero_10_task0,libero_10,0.01,ID,1,a958c6b6ebe28d36,44,31004,2001004,0,520,6.45,0,8.609,6.0507,6.44741,
libero_10_task0,libero_10,0.01,ID,1,ecd7ba11584784b7,45,31005,2001005,0,520,6.2,0,8.609,4.48481,5.05137,
libero_10_task0,libero_10,0.01,ID,1,b6468dfe4bc04523,46,31006,2001006,1,332,5.177,0,8.609,5.49474,5.97215,
libero_10_task0,libero_10,0.01,ID,1,2a9a5d6a42d592f3,47,31007,2001007,1,263,6.798,0,8.609,5.88323,6.38841,
libero_10_task0,libero_10,0.01,ID,1,9acd2e7eee75df54,48,31008,2001008,1,257,7.16,0,8.609,5.48658,5.99197,
libero_10_task0,libero_10,0.01,ID,1,4ab2fcd8a6b37035,49,31009,2001009,0,520,6.124,0,8.609,6.41928,6.84024,
libero_10_task0,libero_10,0.01,ID,1,5fa7b996585f20da,40,31010,2001010,1,314,6.662,0,8.609,4.62164,5.08457,
libero_10_task0,libero_10,0.01,ID,1,a7df7edde74a4b0e,41,31011,2001011,0,520,7.37,0,8.609,5.41083,5.83161,
libero_10_task0,libero_10,0.01,ID,1,63b8a5157de9f4ba,42,31012,2001012,1,298,6.702,0,8.609,6.1703,6.4081,
libero_10_task0,libero_10,0.01,ID,1,ba9a3bc43695aa1f,43,31013,2001013,1,250,8.026,0,8.609,6.84631,7.16791,
libero_10_task0,libero_10,0.01,ID,1,f833356ed89effb0,44,31014,2001014,0,520,4.48,0,8.609,5.41805,5.91902,
libero_10_task0,libero_10,0.02,boundary,1,9a6f9b6622b1cf73,40,32000,2002000,1,244,6.238,0,8.609,5.31053,5.56076,
libero_10_task0,libero_10,0.02,boundary,1,d0ab64efff6d4ae9,41,32001,2002001,0,520,6.463,0,8.609,5.48713,6.03366,
libero_10_task0,libero_10,0.02,boundary,1,a7b6c4816aee193c,42,32002,2002002,1,268,5.586,0,8.609,5.867,6.17863,
libero_10_task0,libero_10,0.02,boundary,1,961143b40964fa84,43,32003,2002003,1,241,8.176,0,8.609,6.69102,6.98683,
libero_10_task0,libero_10,0.02,boundary,1,f86b2e734b4a8f4c,44,32004,2002004,1,273,5.535,0,8.609,5.64767,6.05028,
libero_10_task0,libero_10,0.02,boundary,1,033c819824f57cd6,45,32005,2002005,0,520,5.87,0,8.609,4.65246,5.2884,
libero_10_task0,libero_10,0.02,boundary,1,730f0fc53a875673,46,32006,2002006,1,263,7.268,0,8.609,5.62171,6.22974,
libero_10_task0,libero_10,0.02,boundary,1,c5c63f4b27d5bf31,47,32007,2002007,1,271,7.028,0,8.609,5.67061,5.98086,
libero_10_task0,libero_10,0.02,boundary,1,024717ffc65b4989,48,32008,2002008,1,259,6.25,0,8.609,5.64465,5.86336,
libero_10_task0,libero_10,0.02,boundary,1,d085028093ae6703,49,32009,2002009,0,520,6.332,0,8.609,6.16977,6.47875,
libero_10_task0,libero_10,0.02,boundary,1,284342998bb8af76,40,32010,2002010,1,429,4.48,0,8.609,3.74818,4.30217,
libero_10_task0,libero_10,0.02,boundary,1,a62f48019737e857,41,32011,2002011,0,520,5.106,0,8.609,5.44482,5.758,
libero_10_task0,libero_10,0.02,boundary,1,e3d3c5ce08199049,42,32012,2002012,1,254,5.394,0,8.609,5.81234,6.06977,
libero_10_task0,libero_10,0.02,boundary,1,7f98444f57cca8b9,43,32013,2002013,0,520,7.295,0,8.609,7.12796,7.48169,
libero_10_task0,libero_10,0.02,boundary,1,cbfb5ef4a36da7f3,44,32014,2002014,0,520,5.396,0,8.609,5.64175,5.89021,
libero_10_task0,libero_10,0.04,OOD,0,b468972349787a35,40,33000,2003000,1,391,6.301,0,8.609,4.88249,5.35122,
libero_10_task0,libero_10,0.04,OOD,0,645a7def97dcaf35,41,33001,2003001,0,520,7.151,0,8.609,5.32529,5.70154,
libero_10_task0,libero_10,0.04,OOD,0,972fe5d32eab92fd,42,33002,2003002,0,520,6.348,0,8.609,6.53787,6.97393,
libero_10_task0,libero_10,0.04,OOD,0,4b6f890e58027f19,43,33003,2003003,0,520,7.094,0,8.609,6.51743,6.97965,
libero_10_task0,libero_10,0.04,OOD,0,a6ac098b046a7d48,44,33004,2003004,1,233,9.859,1,8.609,7.86712,8.25968,
libero_10_task0,libero_10,0.04,OOD,0,848d61251d91766a,47,33007,2003007,1,269,8.506,0,8.609,6.64827,7.21503,
libero_10_task0,libero_10,0.04,OOD,0,f2dfd6b81211d2e7,48,33008,2003008,1,389,7.277,0,8.609,6.18026,6.70636,
libero_10_task0,libero_10,0.04,OOD,0,0c1069f650d38b19,40,33010,2003010,0,520,10.084,1,8.609,7.00481,7.22557,
libero_10_task0,libero_10,0.04,OOD,0,13ba1a2e7fff15a7,41,33011,2003011,0,520,5.934,0,8.609,5.53418,5.7149,
libero_10_task0,libero_10,0.04,OOD,0,78bfaf024e85b854,42,33012,2003012,1,306,8.545,0,8.609,6.16667,6.65622,
libero_10_task0,libero_10,0.04,OOD,0,91b5f1b0a0c655da,44,33014,2003014,1,248,7.335,0,8.609,6.38655,6.84395,
libero_10_task0,libero_10,0.06,OOD,0,45da7601a58c6fcc,40,34000,2004000,0,520,8.253,0,8.609,6.54407,6.95672,
libero_10_task0,libero_10,0.06,OOD,0,091c16ed32ca51be,41,34001,2004001,0,520,8.493,0,8.609,6.10386,6.45851,
libero_10_task0,libero_10,0.06,OOD,0,1a0a773f7a689c57,42,34002,2004002,1,359,7.078,0,8.609,6.29188,6.69324,
libero_10_task0,libero_10,0.06,OOD,0,f79f7f6932459111,43,34003,2004003,0,520,8.035,0,8.609,7.20272,7.54302,
libero_10_task0,libero_10,0.06,OOD,0,788564c92d66a7e1,44,34004,2004004,1,416,5.597,0,8.609,5.41688,5.90139,
libero_10_task0,libero_10,0.06,OOD,0,72a43d443b3cded0,45,34005,2004005,0,520,6.722,0,8.609,4.57526,5.06562,
libero_10_task0,libero_10,0.06,OOD,0,57376e2c904731c4,46,34006,2004006,0,520,7.662,0,8.609,5.84364,6.23449,
libero_10_task0,libero_10,0.06,OOD,0,83dbabb53fc1da4b,48,34008,2004008,1,402,9.221,1,8.609,6.90208,7.25184,
libero_10_task0,libero_10,0.06,OOD,0,26f5cc7d1855ea42,40,34010,2004010,0,520,5.891,0,8.609,5.56538,5.8581,
libero_10_task0,libero_10,0.06,OOD,0,77c55d60ce4424b7,41,34011,2004011,0,520,7.66,0,8.609,6.24753,6.59945,
libero_10_task0,libero_10,0.06,OOD,0,f1af5bb3270b8437,42,34012,2004012,0,520,7.499,0,8.609,5.99033,6.4683,
libero_10_task0,libero_10,0.06,OOD,0,f6e0d418aa78181b,43,34013,2004013,1,407,8.252,0,8.609,7.71214,8.03535,
libero_10_task0,libero_10,0.06,OOD,0,2c6ff2c07fe3c714,44,34014,2004014,0,520,10.01,1,8.609,6.96846,7.78636,
libero_10_task0,libero_10,0.08,OOD,0,c134331298b4bbda,40,35000,2005000,0,520,17.793,1,8.609,13.79703,14.72098,
libero_10_task0,libero_10,0.08,OOD,0,562a52baf7edba62,41,35001,2005001,0,520,11.2,1,8.609,7.84409,8.68208,
libero_10_task0,libero_10,0.08,OOD,0,5de7a8b1ff39e4bc,44,35004,2005004,1,419,8.148,0,8.609,7.03669,7.39195,
libero_10_task0,libero_10,0.08,OOD,0,076f71f01dba7a6e,46,35006,2005006,0,520,7.668,0,8.609,6.30356,6.63037,
libero_10_task0,libero_10,0.08,OOD,0,20785feda3096790,47,35007,2005007,1,370,8.039,0,8.609,5.71222,6.0534,
libero_10_task0,libero_10,0.08,OOD,0,30878ec68b8e3b1d,48,35008,2005008,0,520,10.75,1,8.609,7.81479,8.1025,
libero_10_task0,libero_10,0.08,OOD,0,c56a0e475b8f7b0b,40,35010,2005010,0,520,8.223,0,8.609,6.90304,7.43264,
libero_10_task0,libero_10,0.08,OOD,0,e9465a03cd366059,41,35011,2005011,0,520,9.446,1,8.609,8.54491,9.02168,
libero_10_task0,libero_10,0.08,OOD,0,e8b1253e124e4908,44,35014,2005014,0,520,8.705,1,8.609,7.65082,8.27104,
