path,stage,size_bytes,sha256,seed,cluster,training_round
checkpoints/rgb_only_rerun/batch/chained_libero_object_task0/act_n10.pt,batch,381485829,12fe569dd1443c72c5bc7d4401f608bbf83e72f423dc76ecd96d4389aad9d6d1,,chained_libero_object_task0,10
checkpoints/rgb_only_rerun/batch/chained_libero_object_task0/act_n20.pt,batch,381485829,a27f267d8f9af7b6728ce67404080a74e6b77f3b9d89ee80d5b2b091e9a413ed,,chained_libero_object_task0,20
checkpoints/rgb_only_rerun/batch/chained_libero_object_task0/act_n40.pt,batch,381485829,68a3ca004e7d04107beba1a5ed6aac00439585b932285d14bc0e1e721af7b228,,chained_libero_object_task0,40
checkpoints/rgb_only_rerun/batch/chained_libero_object_task0/act_n80.pt,batch,381485829,710add2e94ed0364172efdc917b4f7c88fc5fb9bb424e06b7d3d3e5ec26999b6,,chained_libero_object_task0,80
checkpoints/rgb_only_rerun/batch/chained_libero_object_task5/act_n10.pt,batch,381485829,8559f15c8288ba3a046ed3720869b4f8e679c49d167e2109e3f694255ec1f17b,,chained_libero_object_task5,10
checkpoints/rgb_only_rerun/batch/chained_libero_object_task5/act_n20.pt,batch,381485829,32156476e57e40752138f6647e33ae658b239bec56cd3f7b1fde70f19a14ca46,,chained_libero_object_task5,20
checkpoints/rgb_only_rerun/batch/chained_libero_object_task5/act_n40.pt,batch,381485829,d6c73e70eaeec898d6d422c4e97aae45d1d4a18d3c9f8914c7281b246b9793bc,,chained_libero_object_task5,40
checkpoints/rgb_only_rerun/batch/chained_libero_object_task5/act_n80.pt,batch,381485829,feb81de69579ba8e6b8b490ad2eb8fae677e6ab006b66f897b358a221b1474d0,,chained_libero_object_task5,80
checkpoints/rgb_only_rerun/batch/libero_10_task0/act_n10.pt,batch,381485829,89356975155f4d7be885fbde51fd2e7a198d9410608f4b7ea256c4640107fd2d,,libero_10_task0,10
checkpoints/rgb_only_rerun/batch/libero_10_task0/act_n20.pt,batch,381485829,a49a606270a4839ea1454fd1d2d12157af2be9bd25f7034427a2121c9b1a5bb4,,libero_10_task0,20
checkpoints/rgb_only_rerun/batch/libero_10_task0/act_n40.pt,batch,381485829,66a56cdc1a80ade1c70fe0d4e2610cbf98221c4a729885d71444627536710d85,,libero_10_task0,40
checkpoints/rgb_only_rerun/batch/libero_10_task0/act_n80.pt,batch,381485829,b823efd7df157c7fb56f3fd8f0db5512686f1f4ae0e698d8b45bf47226ba497b,,libero_10_task0,80
checkpoints/rgb_only_rerun/batch/libero_10_task2/act_n10.pt,batch,381485829,b277e64c48936bcea1a2a28a93355171779ca22253ff7d3d25449da7df4f3573,,libero_10_task2,10
checkpoints/rgb_only_rerun/batch/libero_10_task2/act_n20.pt,batch,381485829,3c4f4f2bf837572378a17a66a25bc31a1e932aadf5d9bc6ab9bc9d95df640665,,libero_10_task2,20
checkpoints/rgb_only_rerun/batch/libero_10_task2/act_n40.pt,batch,381485829,be0f2fe3f3227b28df2bf8eb8fd98b9ec99022ae3688b1e8629ca575ec6e23f2,,libero_10_task2,40
checkpoints/rgb_only_rerun/batch/libero_10_task2/act_n80.pt,batch,381485829,a8649664048293a6cb2d41dbcd94a59f0f9edd117ec3ff39d30f70d1745b63fe,,libero_10_task2,80
checkpoints/rgb_only_rerun/batch/libero_10_task5/act_n10.pt,batch,381485829,ddd9059e4186345578efa2108e8f517e7f0ce09a01473b4e916cb12f644f875e,,libero_10_task5,10
checkpoints/rgb_only_rerun/batch/libero_10_task5/act_n20.pt,batch,381485829,e6020c39af91d5144c886a2cf15903401249ef6d9dea2d4f895473aa8100abf3,,libero_10_task5,20
checkpoints/rgb_only_rerun/batch/libero_10_task5/act_n40.pt,batch,381485829,65c824747d7a23c7a70a21f5f89c1b4c46ed5eb932750fb5be11165743792fbe,,libero_10_task5,40
checkpoints/rgb_only_rerun/batch/libero_10_task5/act_n80.pt,batch,381485829,6f1a14aa3af2b02bacd5e470b627d50073bb4711d6bd26f661b167c200cd0a80,,libero_10_task5,80
checkpoints/rgb_only_rerun/batch/libero_goal_task0/act_n10.pt,batch,381485829,484f3db7f04c1d22e10bc94a8ba500f9d01bc8a20f303481415a749eb8cbbb03,,libero_goal_task0,10
checkpoints/rgb_only_rerun/batch/libero_goal_task0/act_n20.pt,batch,381485829,fe5e389a593e29a454d4a8ed5bdaf1f42affbdcf203e14963f949080bf9e66a6,,libero_goal_task0,20
checkpoints/rgb_only_rerun/batch/libero_goal_task0/act_n40.pt,batch,381485829,8ba9cd213bdd87002cc3fe9f51580500c9c25082a45fc1034995e1d068b3f8c1,,libero_goal_task0,40
checkpoints/rgb_only_rerun/batch/libero_goal_task0/act_n80.pt,batch,381485829,35e6b273ad1fe7d2316561359b460672a6510ba3c20d4e85ef10c2d43af3eca8,,libero_goal_task0,80
checkpoints/rgb_only_rerun/batch/libero_goal_task1/act_n10.pt,batch,381485829,7987ae67be37217a5793383c233bc2daa7b14529ed596a36b403e6ecbbd5584f,,libero_goal_task1,10
checkpoints/rgb_only_rerun/batch/libero_goal_task1/act_n20.pt,batch,381485829,562f82e30154a4f8f2c9c95a1f44eab4e61d70d1135be153cffc16a53820592d,,libero_goal_task1,20
checkpoints/rgb_only_rerun/batch/libero_goal_task1/act_n40.pt,batch,381485829,ca0450639452bdab30e4aca74f0044370f4ade5e1a62e03c19e5037adb6fddc1,,libero_goal_task1,40
checkpoints/rgb_only_rerun/batch/libero_goal_task1/act_n80.pt,batch,381485829,c53a2e668fb42bd0fb7644a736d48ae20cbcdab315ae74385d4bbf9e5c4ec693,,libero_goal_task1,80
checkpoints/rgb_only_rerun/batch/libero_goal_task2/act_n10.pt,batch,381485829,a672e67ffab06d5b5a62739511032b372f8dd497452272ba3ff75db24948ad1a,,libero_goal_task2,10
checkpoints/rgb_only_rerun/batch/libero_goal_task2/act_n20.pt,batch,381485829,dd7ccb4ae48f475f2c59496d817fb81edae97e7e319960d453b37c680f5adc05,,libero_goal_task2,20
checkpoints/rgb_only_rerun/batch/libero_goal_task2/act_n40.pt,batch,381485829,dac11588e512289175c33f35c4ad7db8a63972104cbde36a8e06c9e4419e45d7,,libero_goal_task2,40
checkpoints/rgb_only_rerun/batch/libero_goal_task2/act_n80.pt,batch,381485829,ab388062bb163cbcf912a06d33d75bc3866d15d86da9fbd10fb2f5970d1c4759,,libero_goal_task2,80
checkpoints/rgb_only_rerun/batch/libero_goal_task3/act_n10.pt,batch,381485829,161b31cab71546d3ba8f1f99c80ead1af025135f5d4c58f0682b89453c4935ec,,libero_goal_task3,10
checkpoints/rgb_only_rerun/batch/libero_goal_task3/act_n20.pt,batch,381485829,92b537609d1e414a71db28153436872587bf4d4be86e7d7fa63a2f64709e9acb,,libero_goal_task3,20
checkpoints/rgb_only_rerun/batch/libero_goal_task3/act_n40.pt,batch,381485829,98a0c1e7d6a6176c7c166053d0b0173993c46db934adfeada1689b65c7166eca,,libero_goal_task3,40
checkpoints/rgb_only_rerun/batch/libero_goal_task3/act_n80.pt,batch,381485829,43dd55605ff9ef832d1d2db42f46d917c2f006b6d607993cbd0131e1841ae244,,libero_goal_task3,80
checkpoints/rgb_only_rerun/batch/libero_goal_task4/act_n10.pt,batch,381485829,933dd8be9f54c62c701ce8e9839189f055222942375734ccc26b37ca1fea31e9,,libero_goal_task4,10
checkpoints/rgb_only_rerun/batch/libero_goal_task4/act_n20.pt,batch,381485829,0e45657db1256fe0ed08ecddd7af270eefedf1b53e9ea0140ee5ba0df5aed07a,,libero_goal_task4,20
checkpoints/rgb_only_rerun/batch/libero_goal_task4/act_n40.pt,batch,381485829,69e4271a56ccac5c4e29478dbe19382bdf498e2952dfebaf3acab3876fa0beb6,,libero_goal_task4,40
checkpoints/rgb_only_rerun/batch/libero_goal_task4/act_n80.pt,batch,381485829,79d9130c545cec6d053d6c280eb55c013d8ae9fefbd0a55e42e111a28fde2f29,,libero_goal_task4,80
checkpoints/rgb_only_rerun/batch/libero_goal_task5/act_n10.pt,batch,381485829,d86f9ecfc5419ed7e855be88a125b1c1c920ae8ad42c15f0026f856bb7170822,,libero_goal_task5,10
checkpoints/rgb_only_rerun/batch/libero_goal_task5/act_n20.pt,batch,381485829,4bc471f727fd8966feafbec45e5d5624938e8e4565ac69b87364a1b1ad83f915,,libero_goal_task5,20
checkpoints/rgb_only_rerun/batch/libero_goal_task5/act_n40.pt,batch,381485829,100db44e5444fb4c25650fdc798271be8a898c8b989c026fab8a5006b3de1e57,,libero_goal_task5,40
checkpoints/rgb_only_rerun/batch/libero_goal_task5/act_n80.pt,batch,381485829,b258cd13a19c3cb2f59690d59087b9b35bad71b9553b0cdb8dfd3b6dc3611c49,,libero_goal_task5,80
checkpoints/rgb_only_rerun/batch/libero_goal_task6/act_n10.pt,batch,381485829,7936dbd7a5e85c2d0a4781561cbc0ecad2df9ab57c3dca0a0ceda10b1e1549d0,,libero_goal_task6,10
checkpoints/rgb_only_rerun/batch/libero_goal_task6/act_n20.pt,batch,381485829,e289c8f4f839d1f02cf42fbc326ff3f60ac4cdcab8ecd54d179af28279d9d038,,libero_goal_task6,20
checkpoints/rgb_only_rerun/batch/libero_goal_task6/act_n40.pt,batch,381485829,40b3e7b9e27399d59030a27bf593ce66679772f35c27996afaadcf11e4172d4d,,libero_goal_task6,40
checkpoints/rgb_only_rerun/batch/libero_goal_task6/act_n80.pt,batch,381485829,043cc2c05b8bd4a4daf100e93f6debbc6ad4de94efe63ac68d9b6ed64aeb554d,,libero_goal_task6,80
checkpoints/rgb_only_rerun/batch/libero_goal_task7/act_n10.pt,batch,381485829,661a893bf35e76c4f45b385039c023de587f0be37d51d407e6c4a98fa2462975,,libero_goal_task7,10
checkpoints/rgb_only_rerun/batch/libero_goal_task7/act_n20.pt,batch,381485829,e7939dbe76a19c3e5e17cbda2ec75ae048ea33949c67a714c4fa495d63f58487,,libero_goal_task7,20
checkpoints/rgb_only_rerun/batch/libero_goal_task7/act_n40.pt,batch,381485829,9c3c3f669e56c02a10c35289d726821d2951e87a6ff2ddd65576f3fb8132a952,,libero_goal_task7,40
checkpoints/rgb_only_rerun/batch/libero_goal_task7/act_n80.pt,batch,381485829,9bc6857b3fb2bee76e8deccce711292996c2fcc1f8a6cd45a0fa98e5f399e90f,,libero_goal_task7,80
checkpoints/rgb_only_rerun/batch/libero_goal_task8/act_n10.pt,batch,381485829,d57ae9bd5f63fb868bd182bd5abadf767f3519390da98444c20d51eb37642f34,,libero_goal_task8,10
checkpoints/rgb_only_rerun/batch/libero_goal_task8/act_n20.pt,batch,381485829,ca6b7cdc3184178929cdd47fcb81f482fdab601129285bdd48ce5b3f97bda9de,,libero_goal_task8,20
checkpoints/rgb_only_rerun/batch/libero_goal_task8/act_n40.pt,batch,381485829,be1841e902211ee39290a54a08ec555d6a58489f5c039680343bea3bc718a41c,,libero_goal_task8,40
checkpoints/rgb_only_rerun/batch/libero_goal_task8/act_n80.pt,batch,381485829,92cef5eb39aa1f1df677c0caf6d7712f0604fdaeecfabd529347b9bbd0e4a261,,libero_goal_task8,80
checkpoints/rgb_only_rerun/batch/libero_goal_task9/act_n10.pt,batch,381485829,c66f176e6524f68373bf0f40729db5707f6f8d2aeba2134411b1fc7918683319,,libero_goal_task9,10
checkpoints/rgb_only_rerun/batch/libero_goal_task9/act_n20.pt,batch,381485829,aa381e1f1e4f44759353d5f281e8907d2ca50a2e196680772a2c3fdf152f118b,,libero_goal_task9,20
checkpoints/rgb_only_rerun/batch/libero_goal_task9/act_n40.pt,batch,381485829,5e464ac08f52c175b6ffe2d6fe1802836fed2cbbffc09c0684cc4253ded29b60,,libero_goal_task9,40
checkpoints/rgb_only_rerun/batch/libero_goal_task9/act_n80.pt,batch,381485829,a1ef30aa1b3861dd3c425ef556b83a936406450306a94d069671be542281bc35,,libero_goal_task9,80
checkpoints/rgb_only_rerun/batch/libero_object_task0/act_n10.pt,batch,381485829,dda159c16b503c1411018cb8d573c95fcba6d3fa6e512b019fd0250af9f1fbe0,,libero_object_task0,10
checkpoints/rgb_only_rerun/batch/libero_object_task0/act_n20.pt,batch,381485829,b7f51495e33c4e5bffba014067ab09025e71c5c521473d5656d8e31405abec01,,libero_object_task0,20
checkpoints/rgb_only_rerun/batch/libero_object_task0/act_n40.pt,batch,381485829,14cbbbf0477680e7b674acbb1a99d6ac42c8c09627b255c85a8b4d8f7fa4df86,,libero_object_task0,40
checkpoints/rgb_only_rerun/batch/libero_object_task0/act_n80.pt,batch,381485829,e5b5471aba648de0b0c419d5af31a8d3a7bfe17c0322fb3271cb6df6b76a036d,,libero_object_task0,80
checkpoints/rgb_only_rerun/batch/libero_object_task1/act_n10.pt,batch,381485829,2a3001b0c44954b8930b64dc105aa0d304d2fd5daeef37bebc5243e94ca9090b,,libero_object_task1,10
checkpoints/rgb_only_rerun/batch/libero_object_task1/act_n20.pt,batch,381485829,574b8521f1e2f4e50086e5807c004524d37dff1da05f4409e2b3409b8ecffe89,,libero_object_task1,20
checkpoints/rgb_only_rerun/batch/libero_object_task1/act_n40.pt,batch,381485829,cc8ac9acecd7a864be51d74acfa96d18dba315aa4e48b5507075722c031d978b,,libero_object_task1,40
checkpoints/rgb_only_rerun/batch/libero_object_task1/act_n80.pt,batch,381485829,33f0e7f0ed756dafcbc0e8845a705ee6e561e9f5ec6803dbe79e7825749808ad,,libero_object_task1,80
checkpoints/rgb_only_rerun/batch/libero_object_task2/act_n10.pt,batch,381485829,51e87833ebffd155efe12e1f7d9e76eaef98122b18ecee4937b268442dc19e14,,libero_object_task2,10
checkpoints/rgb_only_rerun/batch/libero_object_task2/act_n20.pt,batch,381485829,d11dedd6c03dd4fa6d615237f9d1c8e3fc1d23e9e3a2e81a3291a979070bce34,,libero_object_task2,20
checkpoints/rgb_only_rerun/batch/libero_object_task2/act_n40.pt,batch,381485829,17817cb253fd875ef47087a269d425a6c47d33a8cce2361c93e4240909b8c2a4,,libero_object_task2,40
checkpoints/rgb_only_rerun/batch/libero_object_task2/act_n80.pt,batch,381485829,c9d1e124d3963d74427c44ba2d7ab178f402c74d621126e2864e13012cd2602f,,libero_object_task2,80
checkpoints/rgb_only_rerun/batch/libero_object_task3/act_n10.pt,batch,381485829,c1658e20ed239093e3b1dca86c78c4a7dd177fe64860dcc2b4588da7d1e891cb,,libero_object_task3,10
checkpoints/rgb_only_rerun/batch/libero_object_task3/act_n20.pt,batch,381485829,0a6a38eeef9691f8e2bc757852341d71525b8509bcc09d44a8338e3fe5e35513,,libero_object_task3,20
checkpoints/rgb_only_rerun/batch/libero_object_task3/act_n40.pt,batch,381485829,da380d5447a81c57fc475bc2ffd882e1ba376f562884ee98cc09d6fb2c022f2a,,libero_object_task3,40
checkpoints/rgb_only_rerun/batch/libero_object_task3/act_n80.pt,batch,381485829,f77873a2f4029e47a86820b2f6cf32f3e09430821436b2bd0c1720eb8bd1a09d,,libero_object_task3,80
checkpoints/rgb_only_rerun/batch/libero_object_task4/act_n10.pt,batch,381485829,cf95795e4af9e0ef6963a2560df192e1e2576d75af7eb75bd4af61291916c134,,libero_object_task4,10
checkpoints/rgb_only_rerun/batch/libero_object_task4/act_n20.pt,batch,381485829,aa9411e3a146081d8b8efe70c5132093ee3a235887a98ac2071f9bbbc0548061,,libero_object_task4,20
checkpoints/rgb_only_rerun/batch/libero_object_task4/act_n40.pt,batch,381485829,d217b38f4a0aad573abb2767a829c2440aee6e59b7327460336ceca8628ef627,,libero_object_task4,40
checkpoints/rgb_only_rerun/batch/libero_object_task4/act_n80.pt,batch,381485829,c9ba48d9817015d256a20ed814fb12996bc358d51ecd4c28b66c298b9e544253,,libero_object_task4,80
checkpoints/rgb_only_rerun/batch/libero_object_task5/act_n10.pt,batch,381485829,f1c0d1a8eb011f9f11675864ad32a2445d223ba9617310674945bd28e73b984e,,libero_object_task5,10
checkpoints/rgb_only_rerun/batch/libero_object_task5/act_n20.pt,batch,381485829,9f7377af992cbbd298262e059cc1c3bdf5d380bcfe2ba8e6263c65efe56d6440,,libero_object_task5,20
checkpoints/rgb_only_rerun/batch/libero_object_task5/act_n40.pt,batch,381485829,f3c6d266c69f9b428576a8f8deccc2988f62c0b2a623cf5a5f7746e07090873d,,libero_object_task5,40
checkpoints/rgb_only_rerun/batch/libero_object_task5/act_n80.pt,batch,381485829,7962f06389b3ad40c9582a3e54d7d304bd0bb0bed5137869923248d299126b50,,libero_object_task5,80
checkpoints/rgb_only_rerun/batch/libero_object_task6/act_n10.pt,batch,381485829,0968c2e247776aaf0be9a49c2b64ff03b73989cceab13cc7ce72fc43d0b5aabc,,libero_object_task6,10
checkpoints/rgb_only_rerun/batch/libero_object_task6/act_n20.pt,batch,381485829,5b2d0c1e85c741b85b0c51ea8bc9a3130db14e030c8dc9f124e5256e2aa75832,,libero_object_task6,20
checkpoints/rgb_only_rerun/batch/libero_object_task6/act_n40.pt,batch,381485829,40eb48a4094878c6ef8567dd92aed77fd20f037d62d4c8a6652d9f8d7b5f0032,,libero_object_task6,40
checkpoints/rgb_only_rerun/batch/libero_object_task6/act_n80.pt,batch,381485829,e8ba2467207141c27cffb0b5ba17617df34fc550186dac5e14fcf7927993aefb,,libero_object_task6,80
checkpoints/rgb_only_rerun/batch/libero_object_task7/act_n10.pt,batch,381485829,84c63dbf3daff2c20f1ba98ab2215b4a69e43323c1d2c0c11d35e3c1ab7ac276,,libero_object_task7,10
checkpoints/rgb_only_rerun/batch/libero_object_task7/act_n20.pt,batch,381485829,7a856832623ff4bbe1e6d7f1b7a6cebdbb118c03e5dfba33a34df7965cd9ffa7,,libero_object_task7,20
checkpoints/rgb_only_rerun/batch/libero_object_task7/act_n40.pt,batch,381485829,55b7e6cf6138ea3c3da18354d723c9391b8aa73476a15ad5429c02f8288b67ed,,libero_object_task7,40
checkpoints/rgb_only_rerun/batch/libero_object_task7/act_n80.pt,batch,381485829,97c03f6b8d6477eb2f5e117f899b42cce192a553f28f4417b544078b128539f7,,libero_object_task7,80
checkpoints/rgb_only_rerun/batch/libero_object_task8/act_n10.pt,batch,381485829,74478e4927b7a4b91890e806289a4f220b4a45af898ef0c0748404cefaeceaee,,libero_object_task8,10
checkpoints/rgb_only_rerun/batch/libero_object_task8/act_n20.pt,batch,381485829,914d3a2a41e8e2fb5152a30493e5750c0510ac6764d88f142c863a3079790a81,,libero_object_task8,20
checkpoints/rgb_only_rerun/batch/libero_object_task8/act_n40.pt,batch,381485829,afcb82ba59d098b6d6162b51f7333f251d665c0e8e18c3aeb975e6f276fe505b,,libero_object_task8,40
checkpoints/rgb_only_rerun/batch/libero_object_task8/act_n80.pt,batch,381485829,b5aebdc750c9ef90611722709fba85231a48a6ddf3af0fb53df34a3bb99d6511,,libero_object_task8,80
checkpoints/rgb_only_rerun/batch/libero_object_task9/act_n10.pt,batch,381485829,7e1cfa0e9fd33095de903aa09404ac4aee0fbd129b5f6cbbe96da099de74f51c,,libero_object_task9,10
checkpoints/rgb_only_rerun/batch/libero_object_task9/act_n20.pt,batch,381485829,d6082e16a72967e8674eef72a2ae1328d6e3741d228889636f289bb34bfa59af,,libero_object_task9,20
checkpoints/rgb_only_rerun/batch/libero_object_task9/act_n40.pt,batch,381485829,66fc344821e5f14333b50a532c2978e88c63f57ea36bd23175428c606692970e,,libero_object_task9,40
checkpoints/rgb_only_rerun/batch/libero_object_task9/act_n80.pt,batch,381485829,cc4d084276c083a8d3a4568995c2f812d4526678faf1e2072b7b82c07a7bb919,,libero_object_task9,80
checkpoints/rgb_only_rerun/batch/libero_spatial_task0/act_n10.pt,batch,381485829,fb643338e716cd6a709e85563678cce23f4b1213704a24414e3b6714b9583c47,,libero_spatial_task0,10
checkpoints/rgb_only_rerun/batch/libero_spatial_task0/act_n20.pt,batch,381485829,dfee1745568a403461b313eb206cfbf7afaee99c79dedf7d07bfca6beb02608b,,libero_spatial_task0,20
checkpoints/rgb_only_rerun/batch/libero_spatial_task0/act_n40.pt,batch,381485829,fc5648dffbb86b9e81d9fdc46bff2e17659162598f728198cddec32f42d84179,,libero_spatial_task0,40
checkpoints/rgb_only_rerun/batch/libero_spatial_task0/act_n80.pt,batch,381485829,f79ff73d7258768337a9b855f9c7ced0278fcd4481cec0ebc9771f7998126696,,libero_spatial_task0,80
checkpoints/rgb_only_rerun/batch/libero_spatial_task1/act_n10.pt,batch,381485829,cda5313c552a9be617301c071775e2c912c2d724db0805dc41b0874cbc3e6f75,,libero_spatial_task1,10
checkpoints/rgb_only_rerun/batch/libero_spatial_task1/act_n20.pt,batch,381485829,7ec4304ac74fa7112157e90667c015df12363237f0bca3c18d6e91edcc89bbef,,libero_spatial_task1,20
checkpoints/rgb_only_rerun/batch/libero_spatial_task1/act_n40.pt,batch,381485829,025789fbbddd3f6180eb4358b187e992f26b5ead174a78db192a2e70af07e1bd,,libero_spatial_task1,40
checkpoints/rgb_only_rerun/batch/libero_spatial_task1/act_n80.pt,batch,381485829,6a23910ca5e212036937eea273fee9b81613c71943c4fec680dba046794a4aec,,libero_spatial_task1,80
checkpoints/rgb_only_rerun/online/e5_s0/libero_10_task0/act_n20.pt,online,381485829,7a4988f53dc0841d09ca1af41084c40b6f8a786639436a151e2bb1d223dc6e24,0,libero_10_task0,20
checkpoints/rgb_only_rerun/online/e5_s0/libero_10_task0/act_n80.pt,online,381485829,757d923d694802b83145e043d5bd94c56589fed576c9a4500993a505bd91cefd,0,libero_10_task0,80
checkpoints/rgb_only_rerun/online/e5_s0/libero_10_task2/act_n20.pt,online,381485829,aa9953ec95f7100c8b26af8a1f2a8c986c25016e7ccd41e74645af9ab5fee6fc,0,libero_10_task2,20
checkpoints/rgb_only_rerun/online/e5_s0/libero_10_task2/act_n80.pt,online,381485829,7f24b549367f1ec4fb717bacb27f8885b57526148cd6569695c2eaeee5447fef,0,libero_10_task2,80
checkpoints/rgb_only_rerun/online/e5_s0/libero_10_task5/act_n20.pt,online,381485829,533b6e7039b0cba38de44668e74e3603cef2104907bea59cddf23ccfc557ce81,0,libero_10_task5,20
checkpoints/rgb_only_rerun/online/e5_s0/libero_goal_task0/act_n20.pt,online,381485829,d65eda7262fa75d60aec040b7433ae6c4ba441c0304885995b5f7d48ab8eff22,0,libero_goal_task0,20
checkpoints/rgb_only_rerun/online/e5_s0/libero_goal_task0/act_n80.pt,online,381485829,528b714611b880817f02e61cc834ddf49f293d9d35ea9d9792cde4552b9dfbaf,0,libero_goal_task0,80
checkpoints/rgb_only_rerun/online/e5_s0/libero_goal_task1/act_n20.pt,online,381485765,5c37cc760393799bbf5f1f83dd9d73decb1e4cab2b0f9829a33d92842b62341a,0,libero_goal_task1,20
checkpoints/rgb_only_rerun/online/e5_s0/libero_goal_task2/act_n20.pt,online,381485765,0f6c075b278115d8cd5d55df483db65c4b952681c7d938ffa7165b15366c96d6,0,libero_goal_task2,20
checkpoints/rgb_only_rerun/online/e5_s0/libero_goal_task3/act_n20.pt,online,381485829,10e7b486a9baa3117a1b33671d77dedac52d46d5279713a2cd5aed2989d3a532,0,libero_goal_task3,20
checkpoints/rgb_only_rerun/online/e5_s0/libero_goal_task3/act_n80.pt,online,381485829,f67adf58a5a658254f4d06ed6a9670aa14b948552ce7297873ba8f4dd9de2a83,0,libero_goal_task3,80
checkpoints/rgb_only_rerun/online/e5_s0/libero_goal_task4/act_n20.pt,online,381485765,9c609b429c55d84620eeb88fc7ff6e31c071852367df56057a057297033831d5,0,libero_goal_task4,20
checkpoints/rgb_only_rerun/online/e5_s0/libero_goal_task5/act_n20.pt,online,381485829,0a63f80e6232461066dab38e0a6f1270f8f26a7b4b80819c62d36f9899c8ad51,0,libero_goal_task5,20
checkpoints/rgb_only_rerun/online/e5_s0/libero_goal_task5/act_n80.pt,online,381485829,ea6aebc0cca207fe15e822bc0cdfd2017e1a2455ee623d742747c7d544e177bf,0,libero_goal_task5,80
checkpoints/rgb_only_rerun/online/e5_s0/libero_goal_task6/act_n20.pt,online,381485765,59ce58683e80ab1bcefc72687195e46dbe37f349dfb470c9af7b6882dbb00412,0,libero_goal_task6,20
checkpoints/rgb_only_rerun/online/e5_s0/libero_goal_task6/act_n80.pt,online,381485829,d4d0e9db55afa85b1cd5041fd5b39b2cacac2b27228062c609afed922829e68e,0,libero_goal_task6,80
checkpoints/rgb_only_rerun/online/e5_s0/libero_goal_task7/act_n20.pt,online,381485765,f66e955ec7bb73fcd935b36804f488461245b7c7271f70e2787c3e7bcc35846a,0,libero_goal_task7,20
checkpoints/rgb_only_rerun/online/e5_s0/libero_goal_task8/act_n20.pt,online,381485765,a7e53ffda4c2ac1403e340c369c8c60d2b781c3ee500c9abca3e28c57436c553,0,libero_goal_task8,20
checkpoints/rgb_only_rerun/online/e5_s0/libero_goal_task8/act_n80.pt,online,381485829,9f3b33c38bfc4945384d03b3d611b373daae6d0cf2f036a3ac69f523a42edf7a,0,libero_goal_task8,80
checkpoints/rgb_only_rerun/online/e5_s0/libero_goal_task9/act_n20.pt,online,381485829,cccc43a9d81c25ba1854e870cac4394d15e84c6eb24a5e70acd7f250ea8f4ab8,0,libero_goal_task9,20
checkpoints/rgb_only_rerun/online/e5_s0/libero_goal_task9/act_n80.pt,online,381485829,fb0dc11efebf2e38c1c9fcf6ceff2185ff07c5ebacb79f16f28949bb12743c26,0,libero_goal_task9,80
checkpoints/rgb_only_rerun/online/e5_s0/libero_object_task0/act_n20.pt,online,381485829,ce3e600b42f8544cecc5c9a7b389c7623c7be512bc6112fc89222c7c38f07bb0,0,libero_object_task0,20
checkpoints/rgb_only_rerun/online/e5_s0/libero_object_task0/act_n80.pt,online,381485829,1cc2d6c2401098c2fa8e1461697f26beaa5865cab87d70624f0f90222d2e4675,0,libero_object_task0,80
checkpoints/rgb_only_rerun/online/e5_s0/libero_object_task1/act_n20.pt,online,381485829,e21f8f8bf1b95e3a6b7cf2471d70afe0ae7a7ad4b856965baaa1cba0584fe34c,0,libero_object_task1,20
checkpoints/rgb_only_rerun/online/e5_s0/libero_object_task1/act_n80.pt,online,381485829,8ed3496c5aaa613b8725b24dda95d49f44ecd1aaea0c941033f7bf2e3f54a916,0,libero_object_task1,80
checkpoints/rgb_only_rerun/online/e5_s0/libero_object_task2/act_n20.pt,online,381485829,8ab1d3e7e085d5b00db6b3fc5f54d89196b67ef471a71a6b76157266aa378477,0,libero_object_task2,20
checkpoints/rgb_only_rerun/online/e5_s0/libero_object_task3/act_n20.pt,online,381485829,fe1f53eac660763c0edeb6d83ebbe8aa483be2f6f108829b81a1c4cde74d8ed4,0,libero_object_task3,20
checkpoints/rgb_only_rerun/online/e5_s0/libero_object_task3/act_n80.pt,online,381485829,b7c742fa00b7251a339080e0e2babf38d5c75b501c874c45c822f9a05af334b3,0,libero_object_task3,80
checkpoints/rgb_only_rerun/online/e5_s0/libero_object_task4/act_n20.pt,online,381485829,c58bd4924823f4e190ff39b0a1d911ff374f92158e22588bc23098278316f156,0,libero_object_task4,20
checkpoints/rgb_only_rerun/online/e5_s0/libero_object_task5/act_n20.pt,online,381485829,03c39db7ea31f7d923f87352e21c9e17d1fdab0cd60115bfeed7210495fb51b5,0,libero_object_task5,20
checkpoints/rgb_only_rerun/online/e5_s0/libero_object_task5/act_n80.pt,online,381485829,bae0379ce39fceeb0152b40d78129209ed61e0571342188c8b7fecafd0d911b1,0,libero_object_task5,80
checkpoints/rgb_only_rerun/online/e5_s0/libero_object_task6/act_n20.pt,online,381485829,1ceb3b631118f62a60eeff7ca00754283189d795a472163c971f76c8806e9cc8,0,libero_object_task6,20
checkpoints/rgb_only_rerun/online/e5_s0/libero_object_task6/act_n80.pt,online,381485829,a625c522d65247435901b32df1991b4fdc5bf18a1b9b64be05bfebdf3a53b2bb,0,libero_object_task6,80
checkpoints/rgb_only_rerun/online/e5_s0/libero_object_task7/act_n20.pt,online,381485829,dd2c1fbfa32cfd52ecf58c18699d2b04111ae2bfa32ff67203d7641330c9cc13,0,libero_object_task7,20
checkpoints/rgb_only_rerun/online/e5_s0/libero_object_task7/act_n80.pt,online,381485829,bda27eaf2b50e6e31ac873f91a1f9f6bfec1c4f9e6ebe52cf8a3fe4cfca39c13,0,libero_object_task7,80
checkpoints/rgb_only_rerun/online/e5_s0/libero_object_task8/act_n20.pt,online,381485829,2a506b9439e753b4b36d5ca5415c22a352d203c7bb81ecad035863c6584d5731,0,libero_object_task8,20
checkpoints/rgb_only_rerun/online/e5_s0/libero_object_task9/act_n20.pt,online,381485829,da8a93f641dbb0f9e5d75bd3a949dba710697c3620596958f7a4a48fc33ffdbe,0,libero_object_task9,20
checkpoints/rgb_only_rerun/online/e5_s0/libero_object_task9/act_n80.pt,online,381485829,ff80583339d2f7f7e9b8bf64c9a850e3b63f2dd5c1795502ec52642806dd0d29,0,libero_object_task9,80
checkpoints/rgb_only_rerun/online/e5_s0/libero_spatial_task0/act_n20.pt,online,381485765,d759bb78fa8a84a5e59a21d9b9f079dd3a78d8eadec4977ed8b6e3fa97815b1f,0,libero_spatial_task0,20
checkpoints/rgb_only_rerun/online/e5_s0/libero_spatial_task1/act_n20.pt,online,381485829,1ba0d99e349d68e889778280cebde50d9b52a3e998779841c6eb44ef09de0b4f,0,libero_spatial_task1,20
checkpoints/rgb_only_rerun/online/e5_s0/libero_spatial_task1/act_n80.pt,online,381485829,ce50c507d84cd6c256cf51ee4461a2013418e8356155aea7bf9686d10f3be6e4,0,libero_spatial_task1,80
checkpoints/rgb_only_rerun/online/e5_s0/libero_spatial_task2/act_n20.pt,online,381485765,1205ff7604e7fb034d289dab84bbe0b25c8a25dbf7be27468a61f3e3b82029e5,0,libero_spatial_task2,20
checkpoints/rgb_only_rerun/online/e5_s0/libero_spatial_task3/act_n20.pt,online,381485765,8c66477bfea93855e3a68b2a48ae52096b47e611cc76d597086cd0aa5064aeee,0,libero_spatial_task3,20
checkpoints/rgb_only_rerun/online/e5_s0/libero_spatial_task4/act_n20.pt,online,381485829,592cab841a13bae897b196b42ba598f8f84b613d9983aba3c14f7fa628f312c1,0,libero_spatial_task4,20
checkpoints/rgb_only_rerun/online/e5_s0/libero_spatial_task5/act_n20.pt,online,381485765,c4339b96ce2051acc05a0e36c85d494f5e2e3993526f29d1ae3393428d492004,0,libero_spatial_task5,20
checkpoints/rgb_only_rerun/online/e5_s0/libero_spatial_task6/act_n20.pt,online,381485829,85a62316d4ab3dee4c2e5542243307d4e9175f4cc99d0b866431e4306e9cef49,0,libero_spatial_task6,20
checkpoints/rgb_only_rerun/online/e5_s0/libero_spatial_task7/act_n20.pt,online,381485829,5787345dc60ee2bf93b557fb89850e71cadf97cfe06484ecaeacb3ffba989a74,0,libero_spatial_task7,20
checkpoints/rgb_only_rerun/online/e5_s0/libero_spatial_task8/act_n20.pt,online,381485765,5b6d85e57f031e980ce98e1c3c29d445b526d7af0b415032f92963b1dba15c07,0,libero_spatial_task8,20
checkpoints/rgb_only_rerun/online/e5_s0/libero_spatial_task9/act_n20.pt,online,381485829,8804b4fa862ce7b5da9a2aeb64577a7fd39b98077f15993874ab2ce7d0ab00e6,0,libero_spatial_task9,20
checkpoints/rgb_only_rerun/online/e5_s1/libero_10_task0/act_n20.pt,online,381485829,96ed38c3154ce64e6c99d7470a80f64e2ee368592ae2d52e5a6b62594b97f471,1,libero_10_task0,20
checkpoints/rgb_only_rerun/online/e5_s1/libero_10_task0/act_n80.pt,online,381485829,93624827096a1c98d6fdc02efd65cc849359d5e24d847480ecdc7c518222cd89,1,libero_10_task0,80
checkpoints/rgb_only_rerun/online/e5_s1/libero_10_task2/act_n20.pt,online,381485829,260e81da0e9fef51a7332c840f2841774b877a4dea78f52e5d4c04a426710ff9,1,libero_10_task2,20
checkpoints/rgb_only_rerun/online/e5_s1/libero_10_task2/act_n80.pt,online,381485829,ce90c0b59bab958fab979be89836d599a4a18ae9fd8dc646a1d22664a8ab7f5d,1,libero_10_task2,80
checkpoints/rgb_only_rerun/online/e5_s1/libero_10_task5/act_n20.pt,online,381485829,dcd83222bf67ed77066404f07d0bf8e9cabe8f5ccfbfcd184a1497962b0c5faa,1,libero_10_task5,20
checkpoints/rgb_only_rerun/online/e5_s1/libero_goal_task0/act_n20.pt,online,381485829,c968a0b9f0bb4d9237a209b0859bc239b10064bb74dee6994eb0848e740cb7c9,1,libero_goal_task0,20
checkpoints/rgb_only_rerun/online/e5_s1/libero_goal_task0/act_n80.pt,online,381485829,3129308fb719389acec8a4ad0bf0c21234be77a6c338caeebe7126859a8bbb5b,1,libero_goal_task0,80
checkpoints/rgb_only_rerun/online/e5_s1/libero_goal_task1/act_n20.pt,online,381485765,57bb750540f25c27957e8ecdb4a9aae5fcf2f5ac1786b422db5c98e8de38ebc9,1,libero_goal_task1,20
checkpoints/rgb_only_rerun/online/e5_s1/libero_goal_task2/act_n20.pt,online,381485765,0c6dc38f5f03812ed020a2beb0431150b48029f39f024c90d7d9b54e242f9a0c,1,libero_goal_task2,20
checkpoints/rgb_only_rerun/online/e5_s1/libero_goal_task3/act_n20.pt,online,381485829,dd548ee4ad0b42ce9912b18a227897600bc5f1b64732ded13c9078809bc4c760,1,libero_goal_task3,20
checkpoints/rgb_only_rerun/online/e5_s1/libero_goal_task3/act_n80.pt,online,381485829,3378f0b3c1931da818811bdc3d181699e3efffb77a4f80852f172755b76747c8,1,libero_goal_task3,80
checkpoints/rgb_only_rerun/online/e5_s1/libero_goal_task4/act_n20.pt,online,381485765,3a2e3d27a2bc343d4fcbbc66bf43d1967aab82020e69ee753021dec60c541c03,1,libero_goal_task4,20
checkpoints/rgb_only_rerun/online/e5_s1/libero_goal_task5/act_n20.pt,online,381485829,182f6e90e50d98cb9adedec19788a794aa9cdf33a20df4090bd6d7b8bc5e2032,1,libero_goal_task5,20
checkpoints/rgb_only_rerun/online/e5_s1/libero_goal_task5/act_n80.pt,online,381485829,9ddb7f41042de549ad8d20601e8cd48407598a1eaee4d7f597a5409a7aa7b24e,1,libero_goal_task5,80
checkpoints/rgb_only_rerun/online/e5_s1/libero_goal_task6/act_n20.pt,online,381485765,137720fd2be75c2bf1955783abc53754287c252c4dd44bd3148ce8a3f97f9bdb,1,libero_goal_task6,20
checkpoints/rgb_only_rerun/online/e5_s1/libero_goal_task6/act_n80.pt,online,381485829,9c25c12cf40c2e9e5a7944f899a0ed1368200e0a6e9cc29c28d6ccce2349691b,1,libero_goal_task6,80
checkpoints/rgb_only_rerun/online/e5_s1/libero_goal_task7/act_n20.pt,online,381485765,50ae59246c0e81304fe86ef8ce51d3a44a6c34a0303495c26607ef6d48634d7b,1,libero_goal_task7,20
checkpoints/rgb_only_rerun/online/e5_s1/libero_goal_task8/act_n20.pt,online,381485765,f48207f670d50f7be069a87e0d5ae50d84b10a574cf2ebdce3ad3d4f9246d9fb,1,libero_goal_task8,20
checkpoints/rgb_only_rerun/online/e5_s1/libero_goal_task8/act_n80.pt,online,381485829,27d0f06c43d50929d0f2deda726c7742569f6a2017ae75e398aeeb3f8ac9c577,1,libero_goal_task8,80
checkpoints/rgb_only_rerun/online/e5_s1/libero_goal_task9/act_n20.pt,online,381485829,a9a7252ca60df475f48c42bd27b7e61e03bd1380ea6c703a5cb807b9aa447ed7,1,libero_goal_task9,20
checkpoints/rgb_only_rerun/online/e5_s1/libero_object_task0/act_n20.pt,online,381485829,11fd0f05b732ff1c5d8446aa35fd15026ac7236b5df4f8f82cd9e99094c3f842,1,libero_object_task0,20
checkpoints/rgb_only_rerun/online/e5_s1/libero_object_task0/act_n80.pt,online,381485829,8398dd2afc9917842b6ab83cf411bb38bf9d45cf2b9e52d38c5951e28a46832d,1,libero_object_task0,80
checkpoints/rgb_only_rerun/online/e5_s1/libero_object_task1/act_n20.pt,online,381485829,968faad7b36a60a002c7b999a39547060f7ed6dda11de6aec88ad23deb3dcb58,1,libero_object_task1,20
checkpoints/rgb_only_rerun/online/e5_s1/libero_object_task1/act_n80.pt,online,381485829,aa95daaf4c9cec4d20faea0ad1040e24625edb9688a1fe3d0567a1a636aa4c29,1,libero_object_task1,80
checkpoints/rgb_only_rerun/online/e5_s1/libero_object_task2/act_n20.pt,online,381485829,83f6de1197e4fc3e1542ace35b9f6f9153c868601f3d657778cb97e2df5f2f0a,1,libero_object_task2,20
checkpoints/rgb_only_rerun/online/e5_s1/libero_object_task3/act_n20.pt,online,381485829,aa18ff29459659e17a2cde2ff999f9362c1de4c9d5ed0cfc5fa82e85901376ff,1,libero_object_task3,20
checkpoints/rgb_only_rerun/online/e5_s1/libero_object_task4/act_n20.pt,online,381485829,a85c4f79bf70e2d555edffe3c9257c9c811d8baf901e86929b6687b4ea64a3a2,1,libero_object_task4,20
checkpoints/rgb_only_rerun/online/e5_s1/libero_object_task5/act_n20.pt,online,381485829,630ad4ffe2293ea9119520348f2fa00ab59773db5f8af4344beb4a1b85d8191e,1,libero_object_task5,20
checkpoints/rgb_only_rerun/online/e5_s1/libero_object_task5/act_n80.pt,online,381485829,170297ca751cebde46a870270d9271f64a54df27d1d07fbcae441cfb90ea87fc,1,libero_object_task5,80
checkpoints/rgb_only_rerun/online/e5_s1/libero_object_task6/act_n20.pt,online,381485829,bd7db62dd2401fb7cfded88e8077ec6fd428c2ba02fbd83cd7bdac1000ae852a,1,libero_object_task6,20
checkpoints/rgb_only_rerun/online/e5_s1/libero_object_task6/act_n80.pt,online,381485829,012f217fc57e902ede2549b4a5d83e18ac6641bdfca595dc27a81c2b15b8c469,1,libero_object_task6,80
checkpoints/rgb_only_rerun/online/e5_s1/libero_object_task7/act_n20.pt,online,381485829,0884da6d7779164f425446eb27df9585c6e680594ad64caddc6334b770ad2d9e,1,libero_object_task7,20
checkpoints/rgb_only_rerun/online/e5_s1/libero_object_task7/act_n80.pt,online,381485829,458a42c708275fef47dc9a9eb74e1555d8ed56f0477b2903cdda3ede6c085f18,1,libero_object_task7,80
checkpoints/rgb_only_rerun/online/e5_s1/libero_object_task8/act_n20.pt,online,381485829,1f5fdf591f70dc8bdc2e87d4da86888ae8c656031e02f1393d0970caa7dcef4f,1,libero_object_task8,20
checkpoints/rgb_only_rerun/online/e5_s1/libero_object_task8/act_n80.pt,online,381485829,c979b334de2a734afeaf35563958531082964201128c3771077b21503621476b,1,libero_object_task8,80
checkpoints/rgb_only_rerun/online/e5_s1/libero_object_task9/act_n20.pt,online,381485829,f03afb0cd2cf54983dce2ef634fd8de45085b537cf83a24ac4c0afa39f200aea,1,libero_object_task9,20
checkpoints/rgb_only_rerun/online/e5_s1/libero_object_task9/act_n80.pt,online,381485829,7f8cc2d4609b6b2e9732bb8ece7a0e4cc4b616f21fba3b4ca1c53c5444f0cbe3,1,libero_object_task9,80
checkpoints/rgb_only_rerun/online/e5_s1/libero_spatial_task0/act_n20.pt,online,381485765,bba866bcd13ad5bd1a4568325f6b77368e6b84b88c9b8b61b0b9b05963786e34,1,libero_spatial_task0,20
checkpoints/rgb_only_rerun/online/e5_s1/libero_spatial_task0/act_n80.pt,online,381485829,224af85b77a504e12417fe8ff800b578d444ef78267114895054a19046385aab,1,libero_spatial_task0,80
checkpoints/rgb_only_rerun/online/e5_s1/libero_spatial_task1/act_n20.pt,online,381485829,1d619f36791afbe6e109e56945dd28ecf94685aa66feedd784dbd5c07c884647,1,libero_spatial_task1,20
checkpoints/rgb_only_rerun/online/e5_s1/libero_spatial_task2/act_n20.pt,online,381485765,78182cefcceb63fab4da345e5d9278e80cb7aa9110a9471857af820c4416dbe3,1,libero_spatial_task2,20
checkpoints/rgb_only_rerun/online/e5_s1/libero_spatial_task3/act_n20.pt,online,381485765,9d99bc51f8989d035be107cfb023396ce0e8210e4e84f08428e697a580956af7,1,libero_spatial_task3,20
checkpoints/rgb_only_rerun/online/e5_s1/libero_spatial_task4/act_n20.pt,online,381485829,e7d88ffaf18d556131fb3462e387a5cc6048e0e0a02f58971397eeba32c6b418,1,libero_spatial_task4,20
checkpoints/rgb_only_rerun/online/e5_s1/libero_spatial_task5/act_n20.pt,online,381485765,76e3d17fa35870a5e04847f84c8ff76edf3fc4a0f4243d03231b36ffaca0ea8f,1,libero_spatial_task5,20
checkpoints/rgb_only_rerun/online/e5_s1/libero_spatial_task6/act_n20.pt,online,381485829,d09f574cadbf480dce0cfe765ec21f7a4d6ed76588f21eede9a782237c7ce050,1,libero_spatial_task6,20
checkpoints/rgb_only_rerun/online/e5_s1/libero_spatial_task7/act_n20.pt,online,381485829,20b36f34f1186a36762a604e46bd111b62e188e89120d11863a4ed0d2b806e18,1,libero_spatial_task7,20
checkpoints/rgb_only_rerun/online/e5_s1/libero_spatial_task8/act_n20.pt,online,381485765,ef75dcbf8b95c98db151f7f388d8f24ac3b338136a852cefa58a505002f9fc22,1,libero_spatial_task8,20
checkpoints/rgb_only_rerun/online/e5_s1/libero_spatial_task9/act_n20.pt,online,381485829,f86d3acdb812969db44eb9ff1a886bd4d0028645e287970e0394ac7534c19ea1,1,libero_spatial_task9,20
checkpoints/rgb_only_rerun/online/e5_s2/libero_10_task0/act_n20.pt,online,381485829,a65b9e0ba8868da59cb815c00364aad9085ed3b5107cadae00ea1f8873253baa,2,libero_10_task0,20
checkpoints/rgb_only_rerun/online/e5_s2/libero_10_task0/act_n80.pt,online,381485829,02bcd0bad13c40c29fa54e574bea30e03c1008b3a1b8400797ee4f3d9d984aad,2,libero_10_task0,80
checkpoints/rgb_only_rerun/online/e5_s2/libero_10_task2/act_n20.pt,online,381485829,198b148bfad4d2a2c8ff945bde977cf73c95441316966de49873b8ddc32dbb00,2,libero_10_task2,20
checkpoints/rgb_only_rerun/online/e5_s2/libero_10_task5/act_n20.pt,online,381485829,14797c229e963101a3318cbc9b90db854461d1e6af8f12e13b249e7ec161f725,2,libero_10_task5,20
checkpoints/rgb_only_rerun/online/e5_s2/libero_10_task5/act_n80.pt,online,381485829,243e73f95244e59b7b8fa1b27d41a3da4d0411e3c82ef0b1e889e97ad2f21094,2,libero_10_task5,80
checkpoints/rgb_only_rerun/online/e5_s2/libero_goal_task0/act_n20.pt,online,381485829,e905af064e9d1fc205d6cf6699e57f7385eecb83f2dc11a760233085e17d391a,2,libero_goal_task0,20
checkpoints/rgb_only_rerun/online/e5_s2/libero_goal_task0/act_n80.pt,online,381485829,b8aca0038029c77ce087d61b92c02076f46a46603b270dc1299a1c2a83677754,2,libero_goal_task0,80
checkpoints/rgb_only_rerun/online/e5_s2/libero_goal_task1/act_n20.pt,online,381485765,d826e50859a479209532422f0119009865a1023a6f9b5d136ffd5e27f173dbf6,2,libero_goal_task1,20
checkpoints/rgb_only_rerun/online/e5_s2/libero_goal_task2/act_n20.pt,online,381485765,4e1136f9fe962fd0fe3dcc84587ddb44010a23f2cefc523de99e0a96a8d70efe,2,libero_goal_task2,20
checkpoints/rgb_only_rerun/online/e5_s2/libero_goal_task3/act_n20.pt,online,381485829,ae0691a83a747fb3a59c6ffec4f813e75708a02d2cd7c78c33b0ca32bdc52647,2,libero_goal_task3,20
checkpoints/rgb_only_rerun/online/e5_s2/libero_goal_task3/act_n80.pt,online,381485829,581e366b7720a2861fb0d3c126504bb43d3bd80fc5b33d2d308a6074c4680dc5,2,libero_goal_task3,80
checkpoints/rgb_only_rerun/online/e5_s2/libero_goal_task4/act_n20.pt,online,381485765,5dcd6be422a34f45dd8e1c644cbcad27316aad31371e630035bcc1a744216261,2,libero_goal_task4,20
checkpoints/rgb_only_rerun/online/e5_s2/libero_goal_task5/act_n20.pt,online,381485829,cfcb5273f475c46ff1df361326b4584f5418413a471084095428c57910ff77a2,2,libero_goal_task5,20
checkpoints/rgb_only_rerun/online/e5_s2/libero_goal_task5/act_n80.pt,online,381485829,6e548157d7be35c1a0617f38af646f3524a0aa34f778a50fc2fddb4647dc208d,2,libero_goal_task5,80
checkpoints/rgb_only_rerun/online/e5_s2/libero_goal_task6/act_n20.pt,online,381485765,e9aaa5dd316e7d87b2e369c80b9aa035b846a1de150c0d7205b23ae4a5dbc65a,2,libero_goal_task6,20
checkpoints/rgb_only_rerun/online/e5_s2/libero_goal_task6/act_n80.pt,online,381485829,9a5e6e24675ef755f187b3157e776e58938c32b172a95df8eb397b681aff08d4,2,libero_goal_task6,80
checkpoints/rgb_only_rerun/online/e5_s2/libero_goal_task7/act_n20.pt,online,381485765,eee3638f2f6bcaf911eab9b2e7d3bd8fb6ba3a34947d2536d61e29d01879f7ef,2,libero_goal_task7,20
checkpoints/rgb_only_rerun/online/e5_s2/libero_goal_task8/act_n20.pt,online,381485765,6e12170b63dfaa07ae06c5fc57d5789c3545f5e25f5d250cf7b5f6530cf07a24,2,libero_goal_task8,20
checkpoints/rgb_only_rerun/online/e5_s2/libero_goal_task9/act_n20.pt,online,381485829,37d7c6f1f60ce6d69b174346e8759adc14365f8c7bcc8bc8203d4aa720017e2d,2,libero_goal_task9,20
checkpoints/rgb_only_rerun/online/e5_s2/libero_goal_task9/act_n80.pt,online,381485829,ad5005cd1fe0a8c1eaedbcc82694a9aff9b56e599d13e2669a22d43c39f66482,2,libero_goal_task9,80
checkpoints/rgb_only_rerun/online/e5_s2/libero_object_task0/act_n20.pt,online,381485829,681802fe7240ddcee27eff5d582cbdcf3a87debc25084e1cc2d7f5d6f621431a,2,libero_object_task0,20
checkpoints/rgb_only_rerun/online/e5_s2/libero_object_task0/act_n80.pt,online,381485829,dd93df9ea4585c0859994dca360f6c2b521bccdec3127352b6233f8467e86d43,2,libero_object_task0,80
checkpoints/rgb_only_rerun/online/e5_s2/libero_object_task1/act_n20.pt,online,381485829,b404a7d8f452d96472a269420f4a761c9116864b02cee20da0ffad6fe76eeecb,2,libero_object_task1,20
checkpoints/rgb_only_rerun/online/e5_s2/libero_object_task1/act_n80.pt,online,381485829,3428da26aa4f360289b59e2b7e2900cf6b2efda3510b57d0e8da03f3dbb8fba0,2,libero_object_task1,80
checkpoints/rgb_only_rerun/online/e5_s2/libero_object_task2/act_n20.pt,online,381485829,0e09a0e0f1d4c8f1684ea99d00813fdd4cb903d5ad01d9db1c83deccedbf5dc4,2,libero_object_task2,20
checkpoints/rgb_only_rerun/online/e5_s2/libero_object_task3/act_n20.pt,online,381485829,f8fb5cbabe610e823401eeca15d8c33fe82bbdcc7ca7cf83ab69c65803a7a7e6,2,libero_object_task3,20
checkpoints/rgb_only_rerun/online/e5_s2/libero_object_task3/act_n80.pt,online,381485829,d54154eb103a2792dc5bc99b8b403c268bec264a769a0ed2c6066204d8794334,2,libero_object_task3,80
checkpoints/rgb_only_rerun/online/e5_s2/libero_object_task4/act_n20.pt,online,381485829,b21785ae994a47a192a22648f969607a546d962555ea455169c059f03a0c1606,2,libero_object_task4,20
checkpoints/rgb_only_rerun/online/e5_s2/libero_object_task5/act_n20.pt,online,381485829,9876174954bb9bcb1177599e8b91bc866b82cb406137541561951937b00f53d4,2,libero_object_task5,20
checkpoints/rgb_only_rerun/online/e5_s2/libero_object_task5/act_n80.pt,online,381485829,950b61f13c7e0e13e5d698d543a76c8e275a2408ef36f7b5c335e6d84f007389,2,libero_object_task5,80
checkpoints/rgb_only_rerun/online/e5_s2/libero_object_task6/act_n20.pt,online,381485829,58130162212c079421f931ba2364d8b3ab0384d14dc297f23ac7ab4511656416,2,libero_object_task6,20
checkpoints/rgb_only_rerun/online/e5_s2/libero_object_task6/act_n80.pt,online,381485829,8cb7e788f7bcbfe5733516cc601e84d481c470459fe853c2f2aef32ac69d93dd,2,libero_object_task6,80
checkpoints/rgb_only_rerun/online/e5_s2/libero_object_task7/act_n20.pt,online,381485829,b0ab83bfa75bd14e1c472071620f2d16e0331f30a7e10011d3a11ae6ad2d16c2,2,libero_object_task7,20
checkpoints/rgb_only_rerun/online/e5_s2/libero_object_task7/act_n80.pt,online,381485829,fcdfc7f53a5d2c8e2a0a4564d11dd08f8db2d5016b3016aa4de8712d520b4a92,2,libero_object_task7,80
checkpoints/rgb_only_rerun/online/e5_s2/libero_object_task8/act_n20.pt,online,381485829,ad4f61072ca3d9102ff77fb0e9e91611255787d6dc607287a60f13642745f849,2,libero_object_task8,20
checkpoints/rgb_only_rerun/online/e5_s2/libero_object_task9/act_n20.pt,online,381485829,25bb861789b1a38de678c0703f99679acb208a0895245a0e6e3e0c8928ed3655,2,libero_object_task9,20
checkpoints/rgb_only_rerun/online/e5_s2/libero_spatial_task0/act_n20.pt,online,381485765,40e50e3d298749d4ba4f0e36ae9c48330bb570107772b82a8edd17f640fd95dd,2,libero_spatial_task0,20
checkpoints/rgb_only_rerun/online/e5_s2/libero_spatial_task0/act_n80.pt,online,381485829,115da8f845e89c147cbe8793e7e06c6b3d0df746510bb646026d0a616222ebbc,2,libero_spatial_task0,80
checkpoints/rgb_only_rerun/online/e5_s2/libero_spatial_task1/act_n20.pt,online,381485829,e9da6635eece97f4453ceac77c7be6b9201bec164a1248af7cbefaebec205b8a,2,libero_spatial_task1,20
checkpoints/rgb_only_rerun/online/e5_s2/libero_spatial_task1/act_n80.pt,online,381485829,69397f7e4848cb0d91ff14e08c52d2c46be28fa3025f63df6aca1aaa6495ed25,2,libero_spatial_task1,80
checkpoints/rgb_only_rerun/online/e5_s2/libero_spatial_task2/act_n20.pt,online,381485765,6a370c295ef1c68069a5439529931f196bba8b39a652446da404dd12c5713797,2,libero_spatial_task2,20
checkpoints/rgb_only_rerun/online/e5_s2/libero_spatial_task3/act_n20.pt,online,381485765,1256976c6c9a655fb795e74b68c2af5748cd7ce757f4818be74c329e4c829df4,2,libero_spatial_task3,20
checkpoints/rgb_only_rerun/online/e5_s2/libero_spatial_task4/act_n20.pt,online,381485829,49ae37837ee771b028be7cdbaa9cab8e0c199e09ad90a1fd8a514df6fa59e90d,2,libero_spatial_task4,20
checkpoints/rgb_only_rerun/online/e5_s2/libero_spatial_task5/act_n20.pt,online,381485765,c23157876bd20a81e4d2257b155bcce1c83324bfe74bb788a334fdd808f17062,2,libero_spatial_task5,20
checkpoints/rgb_only_rerun/online/e5_s2/libero_spatial_task6/act_n20.pt,online,381485829,daf10424c39fa66c3f1637370ebd89a38ec7f1edefe5ddcebec6b2821a07b1a3,2,libero_spatial_task6,20
checkpoints/rgb_only_rerun/online/e5_s2/libero_spatial_task7/act_n20.pt,online,381485829,b1dbe98313b1a53ac28640188d05feb2a4e140bf685391937b2097a33e9023e2,2,libero_spatial_task7,20
checkpoints/rgb_only_rerun/online/e5_s2/libero_spatial_task8/act_n20.pt,online,381485765,f94f85ac3e3ead972e8d076a53c15373a153eab6d3a762346e3a51d4984b8136,2,libero_spatial_task8,20
checkpoints/rgb_only_rerun/online/e5_s2/libero_spatial_task9/act_n20.pt,online,381485829,cd3eca9a1120c9f9228b6a63fde5151e45d5a0918b5a1979956334ce88ba12f9,2,libero_spatial_task9,20
