anchor,sample_idx,ms
act_forward_rgb_only,0,3.355
act_forward_rgb_only,1,3.3478
act_forward_rgb_only,2,3.3449
act_forward_rgb_only,3,3.3533
act_forward_rgb_only,4,3.3463
act_forward_rgb_only,5,3.3575
act_forward_rgb_only,6,3.3637
act_forward_rgb_only,7,3.3529
act_forward_rgb_only,8,3.3424
act_forward_rgb_only,9,3.3534
act_forward_rgb_only,10,3.3442
act_forward_rgb_only,11,3.3503
act_forward_rgb_only,12,3.3515
act_forward_rgb_only,13,3.3453
act_forward_rgb_only,14,3.3558
act_forward_rgb_only,15,3.3484
act_forward_rgb_only,16,3.3492
act_forward_rgb_only,17,3.3564
act_forward_rgb_only,18,3.3513
act_forward_rgb_only,19,3.3455
act_forward_rgb_only,20,3.3587
act_forward_rgb_only,21,3.3577
act_forward_rgb_only,22,3.338
act_forward_rgb_only,23,3.3455
act_forward_rgb_only,24,3.3903
act_forward_rgb_only,25,3.3447
act_forward_rgb_only,26,3.368
act_forward_rgb_only,27,3.3544
act_forward_rgb_only,28,3.3464
act_forward_rgb_only,29,3.3567
act_forward_rgb_only,30,3.3554
act_forward_rgb_only,31,3.3496
act_forward_rgb_only,32,3.3533
act_forward_rgb_only,33,3.3392
act_forward_rgb_only,34,3.3535
act_forward_rgb_only,35,3.3482
act_forward_rgb_only,36,3.3373
act_forward_rgb_only,37,3.3598
act_forward_rgb_only,38,3.3471
act_forward_rgb_only,39,3.3361
act_forward_rgb_only,40,3.3504
act_forward_rgb_only,41,3.3506
act_forward_rgb_only,42,3.343
act_forward_rgb_only,43,3.3474
act_forward_rgb_only,44,3.3495
act_forward_rgb_only,45,3.3536
act_forward_rgb_only,46,3.3474
act_forward_rgb_only,47,3.3402
act_forward_rgb_only,48,3.3463
act_forward_rgb_only,49,3.3432
act_forward_rgb_only,50,3.3445
act_forward_rgb_only,51,3.3433
act_forward_rgb_only,52,3.3544
act_forward_rgb_only,53,3.3487
act_forward_rgb_only,54,3.3596
act_forward_rgb_only,55,3.3485
act_forward_rgb_only,56,3.343
act_forward_rgb_only,57,3.3464
act_forward_rgb_only,58,3.3474
act_forward_rgb_only,59,3.3496
act_forward_rgb_only,60,3.3496
act_forward_rgb_only,61,3.3473
act_forward_rgb_only,62,3.3445
act_forward_rgb_only,63,3.3443
act_forward_rgb_only,64,3.3467
act_forward_rgb_only,65,3.3578
act_forward_rgb_only,66,3.3554
act_forward_rgb_only,67,3.3496
act_forward_rgb_only,68,3.3473
act_forward_rgb_only,69,3.3608
act_forward_rgb_only,70,3.336
act_forward_rgb_only,71,3.3537
act_forward_rgb_only,72,3.3586
act_forward_rgb_only,73,3.3455
act_forward_rgb_only,74,3.3553
act_forward_rgb_only,75,3.3473
act_forward_rgb_only,76,3.3475
act_forward_rgb_only,77,3.3475
act_forward_rgb_only,78,3.3468
act_forward_rgb_only,79,3.3944
act_forward_rgb_only,80,3.3614
act_forward_rgb_only,81,3.356
act_forward_rgb_only,82,3.3349
act_forward_rgb_only,83,3.3616
act_forward_rgb_only,84,3.3524
act_forward_rgb_only,85,3.367
act_forward_rgb_only,86,3.3473
act_forward_rgb_only,87,3.3466
act_forward_rgb_only,88,3.3474
act_forward_rgb_only,89,3.3535
act_forward_rgb_only,90,3.3507
act_forward_rgb_only,91,3.3543
act_forward_rgb_only,92,3.3537
act_forward_rgb_only,93,3.3417
act_forward_rgb_only,94,3.3526
act_forward_rgb_only,95,3.3442
act_forward_rgb_only,96,3.3579
act_forward_rgb_only,97,3.3543
act_forward_rgb_only,98,3.3476
act_forward_rgb_only,99,3.3627
act_forward_rgbd,0,3.3584
act_forward_rgbd,1,3.3614
act_forward_rgbd,2,3.3545
act_forward_rgbd,3,3.3565
act_forward_rgbd,4,3.3598
act_forward_rgbd,5,3.3461
act_forward_rgbd,6,3.3482
act_forward_rgbd,7,3.3497
act_forward_rgbd,8,3.3547
act_forward_rgbd,9,3.3436
act_forward_rgbd,10,3.3516
act_forward_rgbd,11,3.3493
act_forward_rgbd,12,3.3505
act_forward_rgbd,13,3.3638
act_forward_rgbd,14,3.3426
act_forward_rgbd,15,3.3461
act_forward_rgbd,16,3.3536
act_forward_rgbd,17,3.3505
act_forward_rgbd,18,3.3505
act_forward_rgbd,19,3.3574
act_forward_rgbd,20,3.3506
act_forward_rgbd,21,3.3535
act_forward_rgbd,22,3.3444
act_forward_rgbd,23,3.3483
act_forward_rgbd,24,3.3483
act_forward_rgbd,25,3.3638
act_forward_rgbd,26,3.497
act_forward_rgbd,27,3.3698
act_forward_rgbd,28,3.3431
act_forward_rgbd,29,3.3573
act_forward_rgbd,30,3.3536
act_forward_rgbd,31,3.3401
act_forward_rgbd,32,3.3537
act_forward_rgbd,33,3.3635
act_forward_rgbd,34,3.3761
act_forward_rgbd,35,3.3629
act_forward_rgbd,36,3.3506
act_forward_rgbd,37,3.3431
act_forward_rgbd,38,3.3597
act_forward_rgbd,39,3.3536
act_forward_rgbd,40,3.3464
act_forward_rgbd,41,3.3504
act_forward_rgbd,42,3.3536
act_forward_rgbd,43,3.3522
act_forward_rgbd,44,3.3507
act_forward_rgbd,45,3.3525
act_forward_rgbd,46,3.3564
act_forward_rgbd,47,3.3513
act_forward_rgbd,48,3.3525
act_forward_rgbd,49,3.3556
act_forward_rgbd,50,3.3597
act_forward_rgbd,51,3.3635
act_forward_rgbd,52,3.3568
act_forward_rgbd,53,3.3504
act_forward_rgbd,54,3.3607
act_forward_rgbd,55,3.3525
act_forward_rgbd,56,3.3526
act_forward_rgbd,57,3.3516
act_forward_rgbd,58,3.3391
act_forward_rgbd,59,3.3566
act_forward_rgbd,60,3.3569
act_forward_rgbd,61,3.3544
act_forward_rgbd,62,3.3515
act_forward_rgbd,63,3.3631
act_forward_rgbd,64,3.3473
act_forward_rgbd,65,3.3499
act_forward_rgbd,66,3.359
act_forward_rgbd,67,3.3512
act_forward_rgbd,68,3.3558
act_forward_rgbd,69,3.3584
act_forward_rgbd,70,3.3485
act_forward_rgbd,71,3.3597
act_forward_rgbd,72,3.3535
act_forward_rgbd,73,3.3475
act_forward_rgbd,74,3.3536
act_forward_rgbd,75,3.3566
act_forward_rgbd,76,3.3506
act_forward_rgbd,77,3.3501
act_forward_rgbd,78,3.3506
act_forward_rgbd,79,3.3512
act_forward_rgbd,80,3.3596
act_forward_rgbd,81,3.3444
act_forward_rgbd,82,3.3505
act_forward_rgbd,83,3.3566
act_forward_rgbd,84,3.3813
act_forward_rgbd,85,3.339
act_forward_rgbd,86,3.3606
act_forward_rgbd,87,3.3504
act_forward_rgbd,88,3.3525
act_forward_rgbd,89,3.3525
act_forward_rgbd,90,3.3505
act_forward_rgbd,91,3.3566
act_forward_rgbd,92,3.3503
act_forward_rgbd,93,3.3636
act_forward_rgbd,94,3.356
act_forward_rgbd,95,3.3502
act_forward_rgbd,96,3.3414
act_forward_rgbd,97,3.3508
act_forward_rgbd,98,3.3452
act_forward_rgbd,99,3.3575
gate_path,0,6.0791
gate_path,1,4.8346
gate_path,2,4.6276
gate_path,3,4.4025
gate_path,4,4.3965
gate_path,5,4.5927
gate_path,6,8.1315
gate_path,7,4.5862
gate_path,8,4.6326
gate_path,9,4.6714
gate_path,10,4.635
gate_path,11,4.3525
gate_path,12,4.2801
gate_path,13,4.2792
gate_path,14,4.2816
gate_path,15,4.2885
gate_path,16,4.3041
gate_path,17,4.2841
gate_path,18,4.3202
gate_path,19,4.3088
gate_path,20,4.283
gate_path,21,4.2999
gate_path,22,4.2797
gate_path,23,4.2798
gate_path,24,4.2873
gate_path,25,4.3027
gate_path,26,5.7473
gate_path,27,6.8382
gate_path,28,4.635
gate_path,29,4.5525
gate_path,30,4.567
gate_path,31,4.5457
gate_path,32,4.5531
gate_path,33,4.5913
gate_path,34,4.5892
gate_path,35,4.6196
gate_path,36,4.5786
gate_path,37,4.5559
gate_path,38,4.1596
gate_path,39,4.1112
gate_path,40,4.1382
gate_path,41,4.1344
gate_path,42,4.1218
gate_path,43,4.139
gate_path,44,4.7894
gate_path,45,4.1609
gate_path,46,4.1277
gate_path,47,4.1083
gate_path,48,4.1286
gate_path,49,4.1103
gate_path,50,4.1599
gate_path,51,4.11
gate_path,52,4.1355
gate_path,53,7.886
gate_path,54,4.9721
gate_path,55,4.1279
gate_path,56,4.1543
gate_path,57,4.1268
gate_path,58,4.1394
gate_path,59,4.152
gate_path,60,4.1689
gate_path,61,4.1719
gate_path,62,4.1554
gate_path,63,4.1855
gate_path,64,4.1785
gate_path,65,4.151
gate_path,66,4.1636
gate_path,67,4.1607
gate_path,68,4.1858
gate_path,69,4.1475
gate_path,70,4.1495
gate_path,71,4.1457
gate_path,72,4.1772
gate_path,73,4.1561
gate_path,74,4.148
gate_path,75,4.1558
gate_path,76,4.1435
gate_path,77,4.1563
gate_path,78,4.1792
gate_path,79,4.17
gate_path,80,4.1679
gate_path,81,4.1733
gate_path,82,4.1885
gate_path,83,4.1734
gate_path,84,4.1628
gate_path,85,4.1513
gate_path,86,4.1465
gate_path,87,4.1535
gate_path,88,4.1764
gate_path,89,4.1927
gate_path,90,4.1555
gate_path,91,4.1573
gate_path,92,4.1826
gate_path,93,4.1652
gate_path,94,4.1759
gate_path,95,4.1732
gate_path,96,4.1729
gate_path,97,4.1915
gate_path,98,4.1962
gate_path,99,4.2027
teacher_oft_chunk_forward,0,85.2176
teacher_oft_chunk_forward,1,85.2569
teacher_oft_chunk_forward,2,85.1472
teacher_oft_chunk_forward,3,85.0832
teacher_oft_chunk_forward,4,85.0266
teacher_oft_chunk_forward,5,85.1924
teacher_oft_chunk_forward,6,85.1455
teacher_oft_chunk_forward,7,85.1697
teacher_oft_chunk_forward,8,85.2115
teacher_oft_chunk_forward,9,85.1495
teacher_oft_chunk_forward,10,85.0953
teacher_oft_chunk_forward,11,85.2724
teacher_oft_chunk_forward,12,85.1689
teacher_oft_chunk_forward,13,85.3343
teacher_oft_chunk_forward,14,85.1425
teacher_oft_chunk_forward,15,85.1233
teacher_oft_chunk_forward,16,85.0291
teacher_oft_chunk_forward,17,85.0459
teacher_oft_chunk_forward,18,84.919
teacher_oft_chunk_forward,19,84.9535
teacher_oft_chunk_forward,20,85.4504
teacher_oft_chunk_forward,21,85.6233
teacher_oft_chunk_forward,22,86.0185
teacher_oft_chunk_forward,23,85.2595
teacher_oft_chunk_forward,24,87.5443
teacher_oft_chunk_forward,25,87.0998
teacher_oft_chunk_forward,26,88.0121
teacher_oft_chunk_forward,27,86.3703
teacher_oft_chunk_forward,28,85.6155
teacher_oft_chunk_forward,29,85.5656
teacher_oft_chunk_forward,30,85.6337
teacher_oft_chunk_forward,31,85.5718
teacher_oft_chunk_forward,32,85.454
teacher_oft_chunk_forward,33,85.5198
teacher_oft_chunk_forward,34,85.9161
teacher_oft_chunk_forward,35,85.7337
teacher_oft_chunk_forward,36,85.8206
teacher_oft_chunk_forward,37,85.8785
teacher_oft_chunk_forward,38,85.6771
teacher_oft_chunk_forward,39,85.6508
teacher_oft_chunk_forward,40,85.5344
teacher_oft_chunk_forward,41,85.6119
teacher_oft_chunk_forward,42,85.6193
teacher_oft_chunk_forward,43,85.6071
teacher_oft_chunk_forward,44,85.5115
teacher_oft_chunk_forward,45,85.5964
teacher_oft_chunk_forward,46,85.7921
teacher_oft_chunk_forward,47,85.6209
teacher_oft_chunk_forward,48,85.9571
teacher_oft_chunk_forward,49,85.717
teacher_oft_chunk_forward,50,85.5016
teacher_oft_chunk_forward,51,85.4395
teacher_oft_chunk_forward,52,85.4777
teacher_oft_chunk_forward,53,85.484
teacher_oft_chunk_forward,54,85.432
teacher_oft_chunk_forward,55,85.576
teacher_oft_chunk_forward,56,85.6311
teacher_oft_chunk_forward,57,85.8634
teacher_oft_chunk_forward,58,85.5882
teacher_oft_chunk_forward,59,85.926
teacher_oft_chunk_forward,60,86.7957
teacher_oft_chunk_forward,61,85.8599
teacher_oft_chunk_forward,62,86.6257
teacher_oft_chunk_forward,63,87.1248
teacher_oft_chunk_forward,64,86.7715
teacher_oft_chunk_forward,65,86.2737
teacher_oft_chunk_forward,66,86.4997
teacher_oft_chunk_forward,67,86.7164
teacher_oft_chunk_forward,68,86.0016
teacher_oft_chunk_forward,69,86.0121
teacher_oft_chunk_forward,70,87.0485
teacher_oft_chunk_forward,71,85.8887
teacher_oft_chunk_forward,72,85.7954
teacher_oft_chunk_forward,73,85.7159
teacher_oft_chunk_forward,74,85.6289
teacher_oft_chunk_forward,75,85.0009
teacher_oft_chunk_forward,76,85.0743
teacher_oft_chunk_forward,77,85.0979
teacher_oft_chunk_forward,78,85.0657
teacher_oft_chunk_forward,79,84.9122
teacher_oft_chunk_forward,80,85.035
teacher_oft_chunk_forward,81,85.1841
teacher_oft_chunk_forward,82,85.0827
teacher_oft_chunk_forward,83,85.015
teacher_oft_chunk_forward,84,85.1101
teacher_oft_chunk_forward,85,85.0752
teacher_oft_chunk_forward,86,85.0189
teacher_oft_chunk_forward,87,84.9507
teacher_oft_chunk_forward,88,84.9223
teacher_oft_chunk_forward,89,84.967
teacher_oft_chunk_forward,90,84.8226
teacher_oft_chunk_forward,91,84.8706
teacher_oft_chunk_forward,92,85.1738
teacher_oft_chunk_forward,93,85.0188
teacher_oft_chunk_forward,94,84.9769
teacher_oft_chunk_forward,95,84.9917
teacher_oft_chunk_forward,96,84.9578
teacher_oft_chunk_forward,97,84.9997
teacher_oft_chunk_forward,98,85.012
teacher_oft_chunk_forward,99,84.9229
