seed,episode,cluster_id,suite,task_id,cold_start,event_type,state_before,state_after,B_k_size,sigma_k,phi_k,tau_k,policy_version,probe_rounds,n,probe_round,probe_success_count,probe_failure_count,passed
0,0,libero_object_task6,libero_object,6,False,first_exposure,U,I,1,0,0,0.8,0,0,,,,,
0,1,libero_goal_task1,libero_goal,1,False,first_exposure,U,I,1,0,0,0.8,0,0,,,,,
0,2,libero_goal_task2,libero_goal,2,False,first_exposure,U,I,1,0,0,0.8,0,0,,,,,
0,3,libero_goal_task9,libero_goal,9,False,first_exposure,U,I,1,0,0,0.8,0,0,,,,,
0,4,libero_goal_task4,libero_goal,4,False,first_exposure,U,I,1,0,0,0.8,0,0,,,,,
0,5,libero_object_task4,libero_object,4,False,first_exposure,U,I,1,0,0,0.8,0,0,,,,,
0,6,libero_10_task0,libero_10,0,False,first_exposure,U,I,1,0,0,0.8,0,0,,,,,
0,7,libero_10_task5,libero_10,5,False,first_exposure,U,I,1,0,0,0.8,0,0,,,,,
0,8,libero_goal_task5,libero_goal,5,False,first_exposure,U,I,1,0,0,0.8,0,0,,,,,
0,11,libero_spatial_task7,libero_spatial,7,True,first_exposure,U,I,1,0,0,0.8,0,0,,,,,
0,13,libero_object_task8,libero_object,8,False,first_exposure,U,I,1,0,0,0.8,0,0,,,,,
0,18,libero_spatial_task0,libero_spatial,0,False,first_exposure,U,I,1,0,0,0.8,0,0,,,,,
0,19,libero_spatial_task3,libero_spatial,3,True,first_exposure,U,I,1,0,0,0.8,0,0,,,,,
0,21,libero_object_task9,libero_object,9,False,first_exposure,U,I,1,0,0,0.8,0,0,,,,,
0,25,libero_object_task7,libero_object,7,False,first_exposure,U,I,1,0,0,0.8,0,0,,,,,
0,27,libero_spatial_task1,libero_spatial,1,False,first_exposure,U,I,1,0,0,0.8,0,0,,,,,
0,28,libero_goal_task3,libero_goal,3,False,first_exposure,U,I,1,0,0,0.8,0,0,,,,,
0,29,libero_spatial_task8,libero_spatial,8,True,first_exposure,U,I,1,0,0,0.8,0,0,,,,,
0,30,libero_goal_task7,libero_goal,7,False,first_exposure,U,I,1,0,0,0.8,0,0,,,,,
0,34,libero_object_task2,libero_object,2,False,first_exposure,U,I,1,0,0,0.8,0,0,,,,,
0,38,libero_spatial_task5,libero_spatial,5,True,first_exposure,U,I,1,0,0,0.8,0,0,,,,,
0,39,libero_object_task1,libero_object,1,False,first_exposure,U,I,1,0,0,0.8,0,0,,,,,
0,52,libero_object_task0,libero_object,0,False,first_exposure,U,I,1,0,0,0.8,0,0,,,,,
0,62,libero_object_task3,libero_object,3,False,first_exposure,U,I,1,0,0,0.8,0,0,,,,,
0,64,libero_10_task2,libero_10,2,False,first_exposure,U,I,1,0,0,0.8,0,0,,,,,
0,74,libero_goal_task8,libero_goal,8,False,first_exposure,U,I,1,0,0,0.8,0,0,,,,,
0,76,libero_goal_task6,libero_goal,6,False,first_exposure,U,I,1,0,0,0.8,0,0,,,,,
0,93,libero_goal_task0,libero_goal,0,False,first_exposure,U,I,1,0,0,0.8,0,0,,,,,
0,121,libero_spatial_task4,libero_spatial,4,True,first_exposure,U,I,1,0,0,0.8,0,0,,,,,
0,141,libero_object_task5,libero_object,5,False,first_exposure,U,I,1,0,0,0.8,0,0,,,,,
0,145,libero_spatial_task2,libero_spatial,2,True,first_exposure,U,I,1,0,0,0.8,0,0,,,,,
0,148,libero_spatial_task9,libero_spatial,9,True,first_exposure,U,I,1,0,0,0.8,0,0,,,,,
0,210,libero_spatial_task6,libero_spatial,6,True,first_exposure,U,I,1,0,0,0.8,0,0,,,,,
0,384,libero_object_task7,libero_object,7,False,first_training,I,M,20,19.0,1.0,0.8,1,1,20,1,19,1,True
0,384,libero_object_task7,libero_object,7,False,first_maturity,I,M,20,19.0,1.0,0.8,1,1,,,,,
0,402,libero_goal_task7,libero_goal,7,False,first_training,I,M,20,20.0,0.0,0.8,1,1,20,1,20,0,True
0,402,libero_goal_task7,libero_goal,7,False,first_maturity,I,M,20,20.0,0.0,0.8,1,1,,,,,
0,440,libero_object_task3,libero_object,3,False,first_training,I,M,20,19.0,1.0,0.8,1,1,20,1,19,1,True
0,440,libero_object_task3,libero_object,3,False,first_maturity,I,M,20,19.0,1.0,0.8,1,1,,,,,
0,450,libero_goal_task9,libero_goal,9,False,first_training,I,I,20,15.0,5.0,0.8,1,1,20,1,15,5,False
0,469,libero_object_task4,libero_object,4,False,first_training,I,M,20,19.0,1.0,0.8,1,1,20,1,19,1,True
0,469,libero_object_task4,libero_object,4,False,first_maturity,I,M,20,19.0,1.0,0.8,1,1,,,,,
0,473,libero_object_task7,libero_object,7,False,demotion,M,I,20,20.0,2.0,0.816,1,1,,,,,
0,491,libero_goal_task4,libero_goal,4,False,first_training,I,M,20,19.0,1.0,0.8,1,1,20,1,19,1,True
0,491,libero_goal_task4,libero_goal,4,False,first_maturity,I,M,20,19.0,1.0,0.8,1,1,,,,,
0,496,libero_goal_task8,libero_goal,8,False,first_training,I,I,20,18.0,2.0,0.8,1,1,20,1,18,2,False
0,507,libero_spatial_task0,libero_spatial,0,False,first_training,I,M,20,19.0,1.0,0.8,1,1,20,1,19,1,True
0,507,libero_spatial_task0,libero_spatial,0,False,first_maturity,I,M,20,19.0,1.0,0.8,1,1,,,,,
0,519,libero_goal_task2,libero_goal,2,False,first_training,I,M,20,20.0,0.0,0.8,1,1,20,1,20,0,True
0,519,libero_goal_task2,libero_goal,2,False,first_maturity,I,M,20,20.0,0.0,0.8,1,1,,,,,
0,549,libero_object_task9,libero_object,9,False,first_training,I,I,20,15.0,5.0,0.8,1,1,20,1,15,5,False
0,559,libero_object_task3,libero_object,3,False,demotion,M,I,20,24.0,2.0,0.816,1,1,,,,,
0,564,libero_goal_task5,libero_goal,5,False,first_training,I,I,20,16.0,4.0,0.8,1,1,20,1,16,4,False
0,589,libero_spatial_task1,libero_spatial,1,False,first_training,I,I,20,18.0,2.0,0.8,1,1,20,1,18,2,False
0,603,libero_goal_task3,libero_goal,3,False,first_training,I,I,20,17.0,3.0,0.8,1,1,20,1,17,3,False
0,624,libero_object_task5,libero_object,5,False,first_training,I,I,20,14.0,6.0,0.8,1,1,20,1,14,6,False
0,632,libero_object_task0,libero_object,0,False,first_training,I,I,20,9.0,11.0,0.8,1,1,20,1,9,11,False
0,640,libero_object_task1,libero_object,1,False,first_training,I,I,20,12.0,8.0,0.8,1,1,20,1,12,8,False
0,645,libero_goal_task1,libero_goal,1,False,first_training,I,M,20,20.0,0.0,0.8,1,1,20,1,20,0,True
0,645,libero_goal_task1,libero_goal,1,False,first_maturity,I,M,20,20.0,0.0,0.8,1,1,,,,,
0,656,libero_10_task0,libero_10,0,False,first_training,I,I,20,9.0,11.0,0.8,1,1,20,1,9,11,False
0,668,libero_object_task2,libero_object,2,False,first_training,I,M,20,20.0,0.0,0.8,1,1,20,1,20,0,True
0,668,libero_object_task2,libero_object,2,False,first_maturity,I,M,20,20.0,0.0,0.8,1,1,,,,,
0,676,libero_object_task6,libero_object,6,False,first_training,I,I,20,18.0,2.0,0.8,1,1,20,1,18,2,False
0,743,libero_object_task8,libero_object,8,False,first_training,I,M,20,20.0,0.0,0.8,1,1,20,1,20,0,True
0,743,libero_object_task8,libero_object,8,False,first_maturity,I,M,20,20.0,0.0,0.8,1,1,,,,,
0,744,libero_goal_task6,libero_goal,6,False,first_training,I,I,20,16.0,4.0,0.8,1,1,20,1,16,4,False
0,775,libero_10_task2,libero_10,2,False,first_training,I,M,20,19.0,1.0,0.8,1,1,20,1,19,1,True
0,775,libero_10_task2,libero_10,2,False,first_maturity,I,M,20,19.0,1.0,0.8,1,1,,,,,
0,780,libero_goal_task0,libero_goal,0,False,first_training,I,I,20,12.0,8.0,0.8,1,1,20,1,12,8,False
0,787,libero_10_task5,libero_10,5,False,first_training,I,M,20,20.0,0.0,0.8,1,1,20,1,20,0,True
0,787,libero_10_task5,libero_10,5,False,first_maturity,I,M,20,20.0,0.0,0.8,1,1,,,,,
0,891,libero_10_task2,libero_10,2,False,demotion,M,I,20,21.0,2.0,0.816,1,1,,,,,
0,1393,libero_spatial_task8,libero_spatial,8,True,first_training,I,I,20,17.0,3.0,0.8,1,1,20,1,17,3,False
0,1529,libero_spatial_task4,libero_spatial,4,True,first_training,I,I,20,18.0,2.0,0.8,1,1,20,1,18,2,False
0,1664,libero_spatial_task9,libero_spatial,9,True,first_training,I,I,20,11.0,9.0,0.8,1,1,20,1,11,9,False
0,1744,libero_spatial_task3,libero_spatial,3,True,first_training,I,M,20,20.0,0.0,0.8,1,1,20,1,20,0,True
0,1744,libero_spatial_task3,libero_spatial,3,True,first_maturity,I,M,20,20.0,0.0,0.8,1,1,,,,,
0,1749,libero_spatial_task7,libero_spatial,7,True,first_training,I,M,20,20.0,0.0,0.8,1,1,20,1,20,0,True
0,1749,libero_spatial_task7,libero_spatial,7,True,first_maturity,I,M,20,20.0,0.0,0.8,1,1,,,,,
0,1754,libero_spatial_task5,libero_spatial,5,True,first_training,I,I,20,10.0,10.0,0.8,1,1,20,1,10,10,False
0,1781,libero_spatial_task6,libero_spatial,6,True,first_training,I,M,20,20.0,0.0,0.8,1,1,20,1,20,0,True
0,1781,libero_spatial_task6,libero_spatial,6,True,first_maturity,I,M,20,20.0,0.0,0.8,1,1,,,,,
0,1893,libero_spatial_task2,libero_spatial,2,True,first_training,I,M,20,19.0,1.0,0.8,1,1,20,1,19,1,True
0,1893,libero_spatial_task2,libero_spatial,2,True,first_maturity,I,M,20,19.0,1.0,0.8,1,1,,,,,
0,1958,libero_goal_task9,libero_goal,9,False,retraining,I,X,80,22.75,2.25,0.8,2,2,80,2,19,1,False
0,1958,libero_goal_task9,libero_goal,9,False,transition_X,I,X,80,22.75,2.25,0.8,2,2,,,,,
0,2073,libero_goal_task0,libero_goal,0,False,retraining,I,X,80,13.0,12.0,0.8,2,2,80,2,10,10,False
0,2073,libero_goal_task0,libero_goal,0,False,transition_X,I,X,80,13.0,12.0,0.8,2,2,,,,,
0,2122,libero_object_task1,libero_object,1,False,retraining,I,X,80,22.0,3.0,0.8,2,2,80,2,19,1,False
0,2122,libero_object_task1,libero_object,1,False,transition_X,I,X,80,22.0,3.0,0.8,2,2,,,,,
0,2197,libero_object_task7,libero_object,7,False,retraining,I,X,80,23.0,2.5,0.816,2,2,80,2,18,2,False
0,2197,libero_object_task7,libero_object,7,False,transition_X,I,X,80,23.0,2.5,0.816,2,2,,,,,
0,2214,libero_goal_task5,libero_goal,5,False,retraining,I,M,80,24.0,1.0,0.8,2,2,80,2,20,0,True
0,2214,libero_goal_task5,libero_goal,5,False,first_maturity,I,M,80,24.0,1.0,0.8,2,2,,,,,
0,2229,libero_goal_task3,libero_goal,3,False,retraining,I,X,80,20.25,4.75,0.8,2,2,80,2,16,4,False
0,2229,libero_goal_task3,libero_goal,3,False,transition_X,I,X,80,20.25,4.75,0.8,2,2,,,,,
0,2270,libero_object_task9,libero_object,9,False,retraining,I,X,80,22.75,2.25,0.8,2,2,80,2,19,1,False
0,2270,libero_object_task9,libero_object,9,False,transition_X,I,X,80,22.75,2.25,0.8,2,2,,,,,
0,2308,libero_goal_task8,libero_goal,8,False,retraining,I,M,80,24.5,0.5,0.8,2,2,80,2,20,0,True
0,2308,libero_goal_task8,libero_goal,8,False,first_maturity,I,M,80,24.5,0.5,0.8,2,2,,,,,
0,2356,libero_goal_task6,libero_goal,6,False,retraining,I,M,80,23.0,2.0,0.8,2,2,80,2,19,1,True
0,2356,libero_goal_task6,libero_goal,6,False,first_maturity,I,M,80,23.0,2.0,0.8,2,2,,,,,
0,2362,libero_object_task3,libero_object,3,False,retraining,I,X,80,23.0,3.5,0.816,2,2,80,2,17,3,False
0,2362,libero_object_task3,libero_object,3,False,transition_X,I,X,80,23.0,3.5,0.816,2,2,,,,,
0,2403,libero_goal_task6,libero_goal,6,False,demotion,M,I,80,24.0,3.0,0.816,2,2,,,,,
0,2413,libero_object_task0,libero_object,0,False,retraining,I,X,80,15.25,9.75,0.8,2,2,80,2,13,7,False
0,2413,libero_object_task0,libero_object,0,False,transition_X,I,X,80,15.25,9.75,0.8,2,2,,,,,
0,2450,libero_object_task5,libero_object,5,False,retraining,I,M,80,23.5,1.5,0.8,2,2,80,2,20,0,True
0,2450,libero_object_task5,libero_object,5,False,first_maturity,I,M,80,23.5,1.5,0.8,2,2,,,,,
0,2508,libero_spatial_task1,libero_spatial,1,False,retraining,I,M,80,24.5,0.5,0.8,2,2,80,2,20,0,True
0,2508,libero_spatial_task1,libero_spatial,1,False,first_maturity,I,M,80,24.5,0.5,0.8,2,2,,,,,
0,2509,libero_object_task6,libero_object,6,False,retraining,I,X,80,22.5,2.5,0.8,2,2,80,2,18,2,False
0,2509,libero_object_task6,libero_object,6,False,transition_X,I,X,80,22.5,2.5,0.8,2,2,,,,,
0,2634,libero_10_task2,libero_10,2,False,retraining,I,M,80,25.25,0.5,0.816,2,2,80,2,20,0,True
0,2634,libero_10_task2,libero_10,2,False,rematuration,I,M,80,25.25,0.5,0.816,2,2,,,,,
0,2671,libero_10_task0,libero_10,0,False,retraining,I,X,80,15.25,9.75,0.8,2,2,80,2,13,7,False
0,2671,libero_10_task0,libero_10,0,False,transition_X,I,X,80,15.25,9.75,0.8,2,2,,,,,
0,3088,libero_spatial_task3,libero_spatial,3,True,demotion,M,I,20,36.0,4.0,0.844,1,1,,,,,
1,0,libero_goal_task8,libero_goal,8,False,first_exposure,U,I,1,0,0,0.8,0,0,,,,,
1,1,libero_object_task6,libero_object,6,False,first_exposure,U,I,1,0,0,0.8,0,0,,,,,
1,2,libero_10_task2,libero_10,2,False,first_exposure,U,I,1,0,0,0.8,0,0,,,,,
1,4,libero_object_task3,libero_object,3,False,first_exposure,U,I,1,0,0,0.8,0,0,,,,,
1,5,libero_goal_task4,libero_goal,4,False,first_exposure,U,I,1,0,0,0.8,0,0,,,,,
1,6,libero_spatial_task3,libero_spatial,3,True,first_exposure,U,I,1,0,0,0.8,0,0,,,,,
1,7,libero_object_task4,libero_object,4,False,first_exposure,U,I,1,0,0,0.8,0,0,,,,,
1,8,libero_spatial_task0,libero_spatial,0,False,first_exposure,U,I,1,0,0,0.8,0,0,,,,,
1,9,libero_goal_task7,libero_goal,7,False,first_exposure,U,I,1,0,0,0.8,0,0,,,,,
1,10,libero_goal_task6,libero_goal,6,False,first_exposure,U,I,1,0,0,0.8,0,0,,,,,
1,11,libero_object_task7,libero_object,7,False,first_exposure,U,I,1,0,0,0.8,0,0,,,,,
1,13,libero_object_task8,libero_object,8,False,first_exposure,U,I,1,0,0,0.8,0,0,,,,,
1,14,libero_spatial_task1,libero_spatial,1,False,first_exposure,U,I,1,0,0,0.8,0,0,,,,,
1,16,libero_object_task9,libero_object,9,False,first_exposure,U,I,1,0,0,0.8,0,0,,,,,
1,17,libero_goal_task9,libero_goal,9,False,first_exposure,U,U,0,0,0,0.8,0,0,,,,,
1,22,libero_goal_task3,libero_goal,3,False,first_exposure,U,I,1,0,0,0.8,0,0,,,,,
1,23,libero_object_task2,libero_object,2,False,first_exposure,U,I,1,0,0,0.8,0,0,,,,,
1,24,libero_object_task0,libero_object,0,False,first_exposure,U,I,1,0,0,0.8,0,0,,,,,
1,25,libero_10_task5,libero_10,5,False,first_exposure,U,I,1,0,0,0.8,0,0,,,,,
1,26,libero_spatial_task7,libero_spatial,7,True,first_exposure,U,I,1,0,0,0.8,0,0,,,,,
1,28,libero_object_task5,libero_object,5,False,first_exposure,U,I,1,0,0,0.8,0,0,,,,,
1,29,libero_goal_task0,libero_goal,0,False,first_exposure,U,I,1,0,0,0.8,0,0,,,,,
1,40,libero_goal_task5,libero_goal,5,False,first_exposure,U,I,1,0,0,0.8,0,0,,,,,
1,49,libero_object_task1,libero_object,1,False,first_exposure,U,I,1,0,0,0.8,0,0,,,,,
1,52,libero_spatial_task6,libero_spatial,6,True,first_exposure,U,I,1,0,0,0.8,0,0,,,,,
1,56,libero_goal_task1,libero_goal,1,False,first_exposure,U,I,1,0,0,0.8,0,0,,,,,
1,67,libero_spatial_task8,libero_spatial,8,True,first_exposure,U,I,1,0,0,0.8,0,0,,,,,
1,88,libero_10_task0,libero_10,0,False,first_exposure,U,U,0,0,0,0.8,0,0,,,,,
1,101,libero_spatial_task2,libero_spatial,2,True,first_exposure,U,I,1,0,0,0.8,0,0,,,,,
1,130,libero_spatial_task4,libero_spatial,4,True,first_exposure,U,I,1,0,0,0.8,0,0,,,,,
1,180,libero_goal_task2,libero_goal,2,False,first_exposure,U,I,1,0,0,0.8,0,0,,,,,
1,188,libero_spatial_task9,libero_spatial,9,True,first_exposure,U,I,1,0,0,0.8,0,0,,,,,
1,240,libero_spatial_task5,libero_spatial,5,True,first_exposure,U,U,0,0,0,0.8,0,0,,,,,
1,367,libero_goal_task6,libero_goal,6,False,first_training,I,I,20,15.0,5.0,0.8,1,1,20,1,15,5,False
1,392,libero_object_task1,libero_object,1,False,first_training,I,M,20,20.0,0.0,0.8,1,1,20,1,20,0,True
1,392,libero_object_task1,libero_object,1,False,first_maturity,I,M,20,20.0,0.0,0.8,1,1,,,,,
1,422,libero_object_task8,libero_object,8,False,first_training,I,I,20,17.0,3.0,0.8,1,1,20,1,17,3,False
1,436,libero_10_task5,libero_10,5,False,first_training,I,M,20,20.0,0.0,0.8,1,1,20,1,20,0,True
1,436,libero_10_task5,libero_10,5,False,first_maturity,I,M,20,20.0,0.0,0.8,1,1,,,,,
1,439,libero_goal_task7,libero_goal,7,False,first_training,I,M,20,20.0,0.0,0.8,1,1,20,1,20,0,True
1,439,libero_goal_task7,libero_goal,7,False,first_maturity,I,M,20,20.0,0.0,0.8,1,1,,,,,
1,460,libero_object_task2,libero_object,2,False,first_training,I,M,20,20.0,0.0,0.8,1,1,20,1,20,0,True
1,460,libero_object_task2,libero_object,2,False,first_maturity,I,M,20,20.0,0.0,0.8,1,1,,,,,
1,513,libero_object_task4,libero_object,4,False,first_training,I,M,20,20.0,0.0,0.8,1,1,20,1,20,0,True
1,513,libero_object_task4,libero_object,4,False,first_maturity,I,M,20,20.0,0.0,0.8,1,1,,,,,
1,522,libero_spatial_task1,libero_spatial,1,False,first_training,I,M,20,19.0,1.0,0.8,1,1,20,1,19,1,True
1,522,libero_spatial_task1,libero_spatial,1,False,first_maturity,I,M,20,19.0,1.0,0.8,1,1,,,,,
1,547,libero_object_task0,libero_object,0,False,first_training,I,I,20,16.0,4.0,0.8,1,1,20,1,16,4,False
1,557,libero_object_task9,libero_object,9,False,first_training,I,I,20,14.0,6.0,0.8,1,1,20,1,14,6,False
1,571,libero_spatial_task0,libero_spatial,0,False,first_training,I,I,20,18.0,2.0,0.8,1,1,20,1,18,2,False
1,586,libero_goal_task4,libero_goal,4,False,first_training,I,M,20,20.0,0.0,0.8,1,1,20,1,20,0,True
1,586,libero_goal_task4,libero_goal,4,False,first_maturity,I,M,20,20.0,0.0,0.8,1,1,,,,,
1,607,libero_goal_task9,libero_goal,9,False,first_training,I,M,20,19.0,1.0,0.8,1,1,20,1,19,1,True
1,607,libero_goal_task9,libero_goal,9,False,first_maturity,I,M,20,19.0,1.0,0.8,1,1,,,,,
1,612,libero_10_task2,libero_10,2,False,first_training,I,I,20,15.0,5.0,0.8,1,1,20,1,15,5,False
1,622,libero_goal_task5,libero_goal,5,False,first_training,I,I,20,17.0,3.0,0.8,1,1,20,1,17,3,False
1,633,libero_goal_task1,libero_goal,1,False,first_training,I,M,20,20.0,0.0,0.8,1,1,20,1,20,0,True
1,633,libero_goal_task1,libero_goal,1,False,first_maturity,I,M,20,20.0,0.0,0.8,1,1,,,,,
1,638,libero_object_task6,libero_object,6,False,first_training,I,I,20,14.0,6.0,0.8,1,1,20,1,14,6,False
1,650,libero_object_task7,libero_object,7,False,first_training,I,I,20,18.0,2.0,0.8,1,1,20,1,18,2,False
1,664,libero_object_task5,libero_object,5,False,first_training,I,I,20,17.0,3.0,0.8,1,1,20,1,17,3,False
1,685,libero_goal_task3,libero_goal,3,False,first_training,I,I,20,16.0,4.0,0.8,1,1,20,1,16,4,False
1,701,libero_object_task3,libero_object,3,False,first_training,I,M,20,20.0,0.0,0.8,1,1,20,1,20,0,True
1,701,libero_object_task3,libero_object,3,False,first_maturity,I,M,20,20.0,0.0,0.8,1,1,,,,,
1,715,libero_goal_task0,libero_goal,0,False,first_training,I,I,20,4.0,16.0,0.8,1,1,20,1,4,16,False
1,766,libero_goal_task2,libero_goal,2,False,first_training,I,M,20,20.0,0.0,0.8,1,1,20,1,20,0,True
1,766,libero_goal_task2,libero_goal,2,False,first_maturity,I,M,20,20.0,0.0,0.8,1,1,,,,,
1,772,libero_10_task0,libero_10,0,False,first_training,I,I,20,9.0,11.0,0.8,1,1,20,1,9,11,False
1,874,libero_goal_task8,libero_goal,8,False,first_training,I,I,20,18.0,2.0,0.8,1,1,20,1,18,2,False
1,1200,libero_spatial_task4,libero_spatial,4,True,first_training,I,I,20,15.0,5.0,0.8,1,1,20,1,15,5,False
1,1318,libero_spatial_task9,libero_spatial,9,True,first_training,I,I,20,15.0,5.0,0.8,1,1,20,1,15,5,False
1,1529,libero_spatial_task7,libero_spatial,7,True,first_training,I,I,20,16.0,4.0,0.8,1,1,20,1,16,4,False
1,1530,libero_spatial_task3,libero_spatial,3,True,first_training,I,M,20,20.0,0.0,0.8,1,1,20,1,20,0,True
1,1530,libero_spatial_task3,libero_spatial,3,True,first_maturity,I,M,20,20.0,0.0,0.8,1,1,,,,,
1,1604,libero_spatial_task2,libero_spatial,2,True,first_training,I,M,20,19.0,1.0,0.8,1,1,20,1,19,1,True
1,1604,libero_spatial_task2,libero_spatial,2,True,first_maturity,I,M,20,19.0,1.0,0.8,1,1,,,,,
1,1838,libero_spatial_task8,libero_spatial,8,True,first_training,I,I,20,15.0,5.0,0.8,1,1,20,1,15,5,False
1,1902,libero_object_task1,libero_object,1,False,demotion,M,I,20,66.0,8.0,0.848,1,1,,,,,
1,2204,libero_object_task9,libero_object,9,False,retraining,I,M,80,23.5,1.5,0.8,2,2,80,2,20,0,True
1,2204,libero_object_task9,libero_object,9,False,first_maturity,I,M,80,23.5,1.5,0.8,2,2,,,,,
1,2214,libero_object_task0,libero_object,0,False,retraining,I,M,80,23.0,2.0,0.8,2,2,80,2,19,1,True
1,2214,libero_object_task0,libero_object,0,False,first_maturity,I,M,80,23.0,2.0,0.8,2,2,,,,,
1,2218,libero_spatial_task6,libero_spatial,6,True,first_training,I,M,20,19.0,1.0,0.8,1,1,20,1,19,1,True
1,2218,libero_spatial_task6,libero_spatial,6,True,first_maturity,I,M,20,19.0,1.0,0.8,1,1,,,,,
1,2227,libero_10_task2,libero_10,2,False,retraining,I,X,80,22.75,2.25,0.8,2,2,80,2,19,1,False
1,2227,libero_10_task2,libero_10,2,False,transition_X,I,X,80,22.75,2.25,0.8,2,2,,,,,
1,2243,libero_object_task6,libero_object,6,False,retraining,I,X,80,22.5,2.5,0.8,2,2,80,2,19,1,False
1,2243,libero_object_task6,libero_object,6,False,transition_X,I,X,80,22.5,2.5,0.8,2,2,,,,,
1,2244,libero_goal_task0,libero_goal,0,False,retraining,I,X,80,18.0,7.0,0.8,2,2,80,2,17,3,False
1,2244,libero_goal_task0,libero_goal,0,False,transition_X,I,X,80,18.0,7.0,0.8,2,2,,,,,
1,2268,libero_goal_task6,libero_goal,6,False,retraining,I,X,80,21.75,3.25,0.8,2,2,80,2,18,2,False
1,2268,libero_goal_task6,libero_goal,6,False,transition_X,I,X,80,21.75,3.25,0.8,2,2,,,,,
1,2319,libero_object_task5,libero_object,5,False,retraining,I,M,80,24.25,0.75,0.8,2,2,80,2,20,0,True
1,2319,libero_object_task5,libero_object,5,False,first_maturity,I,M,80,24.25,0.75,0.8,2,2,,,,,
1,2330,libero_spatial_task3,libero_spatial,3,True,demotion,M,I,20,29.0,3.0,0.82,1,1,,,,,
1,2334,libero_goal_task5,libero_goal,5,False,retraining,I,X,80,22.25,2.75,0.8,2,2,80,2,18,2,False
1,2334,libero_goal_task5,libero_goal,5,False,transition_X,I,X,80,22.25,2.75,0.8,2,2,,,,,
1,2364,libero_object_task7,libero_object,7,False,retraining,I,M,80,23.5,1.5,0.8,2,2,80,2,19,1,True
1,2364,libero_object_task7,libero_object,7,False,first_maturity,I,M,80,23.5,1.5,0.8,2,2,,,,,
1,2373,libero_object_task8,libero_object,8,False,retraining,I,X,80,21.25,3.75,0.8,2,2,80,2,17,3,False
1,2373,libero_object_task8,libero_object,8,False,transition_X,I,X,80,21.25,3.75,0.8,2,2,,,,,
1,2411,libero_goal_task8,libero_goal,8,False,retraining,I,M,80,23.5,1.5,0.8,2,2,80,2,19,1,True
1,2411,libero_goal_task8,libero_goal,8,False,first_maturity,I,M,80,23.5,1.5,0.8,2,2,,,,,
1,2415,libero_spatial_task0,libero_spatial,0,False,retraining,I,X,80,22.5,2.5,0.8,2,2,80,2,18,2,False
1,2415,libero_spatial_task0,libero_spatial,0,False,transition_X,I,X,80,22.5,2.5,0.8,2,2,,,,,
1,2480,libero_10_task0,libero_10,0,False,retraining,I,X,80,17.25,7.75,0.8,2,2,80,2,15,5,False
1,2480,libero_10_task0,libero_10,0,False,transition_X,I,X,80,17.25,7.75,0.8,2,2,,,,,
1,2579,libero_goal_task3,libero_goal,3,False,retraining,I,X,80,22.0,3.0,0.8,2,2,80,2,18,2,False
1,2579,libero_goal_task3,libero_goal,3,False,transition_X,I,X,80,22.0,3.0,0.8,2,2,,,,,
1,3251,libero_spatial_task5,libero_spatial,5,True,first_training,I,I,20,11.0,9.0,0.8,1,1,20,1,11,9,False
1,3843,libero_object_task1,libero_object,1,False,retraining,I,M,80,36.5,2.0,0.848,2,2,80,2,20,0,True
1,3843,libero_object_task1,libero_object,1,False,rematuration,I,M,80,36.5,2.0,0.848,2,2,,,,,
2,0,libero_goal_task4,libero_goal,4,False,first_exposure,U,I,1,0,0,0.8,0,0,,,,,
2,1,libero_goal_task7,libero_goal,7,False,first_exposure,U,I,1,0,0,0.8,0,0,,,,,
2,2,libero_goal_task0,libero_goal,0,False,first_exposure,U,I,1,0,0,0.8,0,0,,,,,
2,3,libero_object_task5,libero_object,5,False,first_exposure,U,I,1,0,0,0.8,0,0,,,,,
2,4,libero_object_task3,libero_object,3,False,first_exposure,U,I,1,0,0,0.8,0,0,,,,,
2,5,libero_object_task8,libero_object,8,False,first_exposure,U,I,1,0,0,0.8,0,0,,,,,
2,6,libero_goal_task5,libero_goal,5,False,first_exposure,U,I,1,0,0,0.8,0,0,,,,,
2,7,libero_object_task1,libero_object,1,False,first_exposure,U,I,1,0,0,0.8,0,0,,,,,
2,8,libero_object_task0,libero_object,0,False,first_exposure,U,I,1,0,0,0.8,0,0,,,,,
2,9,libero_goal_task9,libero_goal,9,False,first_exposure,U,I,1,0,0,0.8,0,0,,,,,
2,10,libero_object_task7,libero_object,7,False,first_exposure,U,I,1,0,0,0.8,0,0,,,,,
2,11,libero_object_task6,libero_object,6,False,first_exposure,U,I,1,0,0,0.8,0,0,,,,,
2,14,libero_10_task0,libero_10,0,False,first_exposure,U,I,1,0,0,0.8,0,0,,,,,
2,15,libero_goal_task2,libero_goal,2,False,first_exposure,U,I,1,0,0,0.8,0,0,,,,,
2,16,libero_10_task2,libero_10,2,False,first_exposure,U,I,1,0,0,0.8,0,0,,,,,
2,18,libero_spatial_task2,libero_spatial,2,True,first_exposure,U,I,1,0,0,0.8,0,0,,,,,
2,19,libero_goal_task8,libero_goal,8,False,first_exposure,U,I,1,0,0,0.8,0,0,,,,,
2,21,libero_goal_task6,libero_goal,6,False,first_exposure,U,I,1,0,0,0.8,0,0,,,,,
2,25,libero_spatial_task1,libero_spatial,1,False,first_exposure,U,I,1,0,0,0.8,0,0,,,,,
2,26,libero_spatial_task7,libero_spatial,7,True,first_exposure,U,I,1,0,0,0.8,0,0,,,,,
2,27,libero_object_task9,libero_object,9,False,first_exposure,U,I,1,0,0,0.8,0,0,,,,,
2,28,libero_spatial_task4,libero_spatial,4,True,first_exposure,U,I,1,0,0,0.8,0,0,,,,,
2,31,libero_goal_task3,libero_goal,3,False,first_exposure,U,I,1,0,0,0.8,0,0,,,,,
2,37,libero_10_task5,libero_10,5,False,first_exposure,U,I,1,0,0,0.8,0,0,,,,,
2,41,libero_spatial_task5,libero_spatial,5,True,first_exposure,U,U,0,0,0,0.8,0,0,,,,,
2,45,libero_object_task2,libero_object,2,False,first_exposure,U,I,1,0,0,0.8,0,0,,,,,
2,53,libero_spatial_task3,libero_spatial,3,True,first_exposure,U,I,1,0,0,0.8,0,0,,,,,
2,55,libero_spatial_task6,libero_spatial,6,True,first_exposure,U,I,1,0,0,0.8,0,0,,,,,
2,57,libero_object_task4,libero_object,4,False,first_exposure,U,I,1,0,0,0.8,0,0,,,,,
2,62,libero_spatial_task0,libero_spatial,0,False,first_exposure,U,I,1,0,0,0.8,0,0,,,,,
2,70,libero_goal_task1,libero_goal,1,False,first_exposure,U,I,1,0,0,0.8,0,0,,,,,
2,77,libero_spatial_task9,libero_spatial,9,True,first_exposure,U,I,1,0,0,0.8,0,0,,,,,
2,128,libero_spatial_task8,libero_spatial,8,True,first_exposure,U,I,1,0,0,0.8,0,0,,,,,
2,333,libero_spatial_task1,libero_spatial,1,False,first_training,I,I,20,17.0,3.0,0.8,1,1,20,1,17,3,False
2,386,libero_object_task1,libero_object,1,False,first_training,I,I,20,11.0,9.0,0.8,1,1,20,1,11,9,False
2,396,libero_goal_task5,libero_goal,5,False,first_training,I,I,20,18.0,2.0,0.8,1,1,20,1,18,2,False
2,410,libero_object_task8,libero_object,8,False,first_training,I,M,20,20.0,0.0,0.8,1,1,20,1,20,0,True
2,410,libero_object_task8,libero_object,8,False,first_maturity,I,M,20,20.0,0.0,0.8,1,1,,,,,
2,412,libero_object_task6,libero_object,6,False,first_training,I,I,20,12.0,8.0,0.8,1,1,20,1,12,8,False
2,439,libero_spatial_task0,libero_spatial,0,False,first_training,I,I,20,18.0,2.0,0.8,1,1,20,1,18,2,False
2,485,libero_object_task3,libero_object,3,False,first_training,I,I,20,17.0,3.0,0.8,1,1,20,1,17,3,False
2,492,libero_goal_task4,libero_goal,4,False,first_training,I,M,20,19.0,1.0,0.8,1,1,20,1,19,1,True
2,492,libero_goal_task4,libero_goal,4,False,first_maturity,I,M,20,19.0,1.0,0.8,1,1,,,,,
2,505,libero_object_task7,libero_object,7,False,first_training,I,I,20,16.0,4.0,0.8,1,1,20,1,16,4,False
2,524,libero_goal_task6,libero_goal,6,False,first_training,I,I,20,15.0,5.0,0.8,1,1,20,1,15,5,False
2,534,libero_goal_task3,libero_goal,3,False,first_training,I,M,20,19.0,1.0,0.8,1,1,20,1,19,1,True
2,534,libero_goal_task3,libero_goal,3,False,first_maturity,I,M,20,19.0,1.0,0.8,1,1,,,,,
2,543,libero_object_task5,libero_object,5,False,first_training,I,M,20,19.0,1.0,0.8,1,1,20,1,19,1,True
2,543,libero_object_task5,libero_object,5,False,first_maturity,I,M,20,19.0,1.0,0.8,1,1,,,,,
2,552,libero_object_task0,libero_object,0,False,first_training,I,I,20,18.0,2.0,0.8,1,1,20,1,18,2,False
2,577,libero_object_task5,libero_object,5,False,demotion,M,I,20,19.0,2.0,0.816,1,1,,,,,
2,580,libero_goal_task3,libero_goal,3,False,demotion,M,I,20,19.0,2.0,0.816,1,1,,,,,
2,600,libero_goal_task7,libero_goal,7,False,first_training,I,M,20,20.0,0.0,0.8,1,1,20,1,20,0,True
2,600,libero_goal_task7,libero_goal,7,False,first_maturity,I,M,20,20.0,0.0,0.8,1,1,,,,,
2,617,libero_10_task2,libero_10,2,False,first_training,I,M,20,19.0,1.0,0.8,1,1,20,1,19,1,True
2,617,libero_10_task2,libero_10,2,False,first_maturity,I,M,20,19.0,1.0,0.8,1,1,,,,,
2,626,libero_goal_task0,libero_goal,0,False,first_training,I,I,20,14.0,6.0,0.8,1,1,20,1,14,6,False
2,629,libero_10_task0,libero_10,0,False,first_training,I,I,20,6.0,14.0,0.8,1,1,20,1,6,14,False
2,636,libero_goal_task1,libero_goal,1,False,first_training,I,M,20,20.0,0.0,0.8,1,1,20,1,20,0,True
2,636,libero_goal_task1,libero_goal,1,False,first_maturity,I,M,20,20.0,0.0,0.8,1,1,,,,,
2,650,libero_goal_task2,libero_goal,2,False,first_training,I,M,20,20.0,0.0,0.8,1,1,20,1,20,0,True
2,650,libero_goal_task2,libero_goal,2,False,first_maturity,I,M,20,20.0,0.0,0.8,1,1,,,,,
2,693,libero_goal_task9,libero_goal,9,False,first_training,I,I,20,12.0,8.0,0.8,1,1,20,1,12,8,False
2,708,libero_object_task2,libero_object,2,False,first_training,I,M,20,20.0,0.0,0.8,1,1,20,1,20,0,True
2,708,libero_object_task2,libero_object,2,False,first_maturity,I,M,20,20.0,0.0,0.8,1,1,,,,,
2,725,libero_goal_task8,libero_goal,8,False,first_training,I,M,20,20.0,0.0,0.8,1,1,20,1,20,0,True
2,725,libero_goal_task8,libero_goal,8,False,first_maturity,I,M,20,20.0,0.0,0.8,1,1,,,,,
2,765,libero_10_task5,libero_10,5,False,first_training,I,I,20,17.0,3.0,0.8,1,1,20,1,17,3,False
2,810,libero_object_task9,libero_object,9,False,first_training,I,M,20,20.0,0.0,0.8,1,1,20,1,20,0,True
2,810,libero_object_task9,libero_object,9,False,first_maturity,I,M,20,20.0,0.0,0.8,1,1,,,,,
2,877,libero_object_task4,libero_object,4,False,first_training,I,M,20,20.0,0.0,0.8,1,1,20,1,20,0,True
2,877,libero_object_task4,libero_object,4,False,first_maturity,I,M,20,20.0,0.0,0.8,1,1,,,,,
2,1154,libero_spatial_task3,libero_spatial,3,True,first_training,I,M,20,20.0,0.0,0.8,1,1,20,1,20,0,True
2,1154,libero_spatial_task3,libero_spatial,3,True,first_maturity,I,M,20,20.0,0.0,0.8,1,1,,,,,
2,1502,libero_spatial_task9,libero_spatial,9,True,first_training,I,I,20,13.0,7.0,0.8,1,1,20,1,13,7,False
2,1598,libero_spatial_task8,libero_spatial,8,True,first_training,I,I,20,16.0,4.0,0.8,1,1,20,1,16,4,False
2,1643,libero_spatial_task7,libero_spatial,7,True,first_training,I,I,20,15.0,5.0,0.8,1,1,20,1,15,5,False
2,1679,libero_spatial_task2,libero_spatial,2,True,first_training,I,M,20,19.0,1.0,0.8,1,1,20,1,19,1,True
2,1679,libero_spatial_task2,libero_spatial,2,True,first_maturity,I,M,20,19.0,1.0,0.8,1,1,,,,,
2,1739,libero_spatial_task6,libero_spatial,6,True,first_training,I,M,20,20.0,0.0,0.8,1,1,20,1,20,0,True
2,1739,libero_spatial_task6,libero_spatial,6,True,first_maturity,I,M,20,20.0,0.0,0.8,1,1,,,,,
2,1893,libero_object_task1,libero_object,1,False,retraining,I,X,80,22.75,2.25,0.8,2,2,80,2,20,0,False
2,1893,libero_object_task1,libero_object,1,False,transition_X,I,X,80,22.75,2.25,0.8,2,2,,,,,
2,1895,libero_spatial_task5,libero_spatial,5,True,first_training,I,I,20,9.0,11.0,0.8,1,1,20,1,9,11,False
2,1951,libero_object_task6,libero_object,6,False,retraining,I,X,80,22.0,3.0,0.8,2,2,80,2,19,1,False
2,1951,libero_object_task6,libero_object,6,False,transition_X,I,X,80,22.0,3.0,0.8,2,2,,,,,
2,1988,libero_goal_task6,libero_goal,6,False,retraining,I,X,80,20.75,4.25,0.8,2,2,80,2,17,3,False
2,1988,libero_goal_task6,libero_goal,6,False,transition_X,I,X,80,20.75,4.25,0.8,2,2,,,,,
2,2011,libero_object_task0,libero_object,0,False,retraining,I,M,80,24.5,0.5,0.8,2,2,80,2,20,0,True
2,2011,libero_object_task0,libero_object,0,False,first_maturity,I,M,80,24.5,0.5,0.8,2,2,,,,,
2,2091,libero_object_task5,libero_object,5,False,retraining,I,M,80,23.75,1.5,0.816,2,2,80,2,19,1,True
2,2091,libero_object_task5,libero_object,5,False,rematuration,I,M,80,23.75,1.5,0.816,2,2,,,,,
2,2104,libero_spatial_task1,libero_spatial,1,False,retraining,I,M,80,23.25,1.75,0.8,2,2,80,2,19,1,True
2,2104,libero_spatial_task1,libero_spatial,1,False,first_maturity,I,M,80,23.25,1.75,0.8,2,2,,,,,
2,2153,libero_spatial_task4,libero_spatial,4,True,first_training,I,M,20,19.0,1.0,0.8,1,1,20,1,19,1,True
2,2153,libero_spatial_task4,libero_spatial,4,True,first_maturity,I,M,20,19.0,1.0,0.8,1,1,,,,,
2,2160,libero_goal_task5,libero_goal,5,False,retraining,I,X,80,22.5,2.5,0.8,2,2,80,2,18,2,False
2,2160,libero_goal_task5,libero_goal,5,False,transition_X,I,X,80,22.5,2.5,0.8,2,2,,,,,
2,2172,libero_object_task3,libero_object,3,False,retraining,I,X,80,22.25,2.75,0.8,2,2,80,2,18,2,False
2,2172,libero_object_task3,libero_object,3,False,transition_X,I,X,80,22.25,2.75,0.8,2,2,,,,,
2,2216,libero_goal_task0,libero_goal,0,False,retraining,I,M,80,23.5,1.5,0.8,2,2,80,2,20,0,True
2,2216,libero_goal_task0,libero_goal,0,False,first_maturity,I,M,80,23.5,1.5,0.8,2,2,,,,,
2,2220,libero_object_task7,libero_object,7,False,retraining,I,X,80,22.0,3.0,0.8,2,2,80,2,18,2,False
2,2220,libero_object_task7,libero_object,7,False,transition_X,I,X,80,22.0,3.0,0.8,2,2,,,,,
2,2301,libero_spatial_task0,libero_spatial,0,False,retraining,I,X,80,22.5,2.5,0.8,2,2,80,2,18,2,False
2,2301,libero_spatial_task0,libero_spatial,0,False,transition_X,I,X,80,22.5,2.5,0.8,2,2,,,,,
2,2361,libero_goal_task3,libero_goal,3,False,retraining,I,X,80,18.75,6.5,0.816,2,2,80,2,14,6,False
2,2361,libero_goal_task3,libero_goal,3,False,transition_X,I,X,80,18.75,6.5,0.816,2,2,,,,,
2,2401,libero_10_task5,libero_10,5,False,retraining,I,M,80,23.25,1.75,0.8,2,2,80,2,19,1,True
2,2401,libero_10_task5,libero_10,5,False,first_maturity,I,M,80,23.25,1.75,0.8,2,2,,,,,
2,2453,libero_goal_task9,libero_goal,9,False,retraining,I,X,80,22.0,3.0,0.8,2,2,80,2,19,1,False
2,2453,libero_goal_task9,libero_goal,9,False,transition_X,I,X,80,22.0,3.0,0.8,2,2,,,,,
2,2460,libero_10_task0,libero_10,0,False,retraining,I,X,80,14.5,10.5,0.8,2,2,80,2,13,7,False
2,2460,libero_10_task0,libero_10,0,False,transition_X,I,X,80,14.5,10.5,0.8,2,2,,,,,
