seed,cluster_id,suite,task_id,cold_start,first_exposure_episode,first_training_episode,second_training_episode,first_maturity_episode,first_X_episode,num_exposures,num_firings,num_failures,num_demotions,num_rematurations,num_retrainings,final_state,final_B_k_size,final_tau,final_sigma_k,final_phi_k
0,libero_10_task0,libero_10,0,0,6,656,2671,,2671,144,0,0,0,0,2,X,121,0.8,15.25,9.75
0,libero_10_task2,libero_10,2,0,64,775,2634,775,,144,61,1,1,1,2,M,80,0.8,83.25,0.5
0,libero_10_task5,libero_10,5,0,7,787,,787,,144,124,12,0,0,1,M,20,0.8,132.0,12.0
0,libero_goal_task0,libero_goal,0,0,93,780,2073,,2073,144,0,0,0,0,2,X,137,0.8,13.0,12.0
0,libero_goal_task1,libero_goal,1,0,1,645,,645,,144,124,5,0,0,1,M,20,0.8,139.0,5.0
0,libero_goal_task2,libero_goal,2,0,2,519,,519,,144,124,1,0,0,1,M,20,0.8,143.0,1.0
0,libero_goal_task3,libero_goal,3,0,28,603,2229,,2229,144,0,0,0,0,2,X,127,0.8,20.25,4.75
0,libero_goal_task4,libero_goal,4,0,4,491,,491,,144,124,3,0,0,1,M,20,0.8,140.0,4.0
0,libero_goal_task5,libero_goal,5,0,8,564,2214,2214,,144,64,2,0,0,2,M,80,0.8,86.0,3.0
0,libero_goal_task6,libero_goal,6,0,76,744,2356,2356,,144,2,1,1,0,2,I,136,0.816,24.0,3.0
0,libero_goal_task7,libero_goal,7,0,30,402,,402,,144,124,0,0,0,1,M,20,0.8,144.0,0.0
0,libero_goal_task8,libero_goal,8,0,74,496,2308,2308,,144,63,7,0,0,2,M,80,0.828,80.5,7.5
0,libero_goal_task9,libero_goal,9,0,3,450,1958,,1958,144,0,0,0,0,2,X,143,0.8,22.75,2.25
0,libero_object_task0,libero_object,0,0,52,632,2413,,2413,144,0,0,0,0,2,X,140,0.8,15.25,9.75
0,libero_object_task1,libero_object,1,0,39,640,2122,,2122,144,0,0,0,0,2,X,141,0.8,22.0,3.0
0,libero_object_task2,libero_object,2,0,34,668,,668,,144,124,0,0,0,1,M,20,0.8,144.0,0.0
0,libero_object_task3,libero_object,3,0,62,440,2362,440,2362,144,6,1,1,0,2,X,133,0.816,23.0,3.5
0,libero_object_task4,libero_object,4,0,5,469,,469,,144,124,1,0,0,1,M,20,0.8,142.0,2.0
0,libero_object_task5,libero_object,5,0,141,624,2450,2450,,144,56,0,0,0,2,M,80,0.8,79.5,1.5
0,libero_object_task6,libero_object,6,0,0,676,2509,,2509,144,0,0,0,0,2,X,139,0.8,22.5,2.5
0,libero_object_task7,libero_object,7,0,25,384,2197,384,2197,144,2,1,1,0,2,X,139,0.816,23.0,2.5
0,libero_object_task8,libero_object,8,0,13,743,,743,,144,122,3,0,0,1,M,20,0.8,139.0,3.0
0,libero_object_task9,libero_object,9,0,21,549,2270,,2270,144,0,0,0,0,2,X,139,0.8,22.75,2.25
0,libero_spatial_task0,libero_spatial,0,0,18,507,,507,,144,123,11,0,0,1,M,20,0.828,131.0,12.0
0,libero_spatial_task1,libero_spatial,1,0,27,589,2508,2508,,144,64,4,0,0,2,M,80,0.8,84.5,4.5
0,libero_spatial_task2,libero_spatial,2,1,145,1893,,1893,,50,30,0,0,0,1,M,20,0.8,49.0,1.0
0,libero_spatial_task3,libero_spatial,3,1,19,1744,,1744,,50,20,4,1,0,1,I,29,0.844,36.0,4.0
0,libero_spatial_task4,libero_spatial,4,1,121,1529,,,,50,0,0,0,0,1,I,49,0.8,18.0,2.0
0,libero_spatial_task5,libero_spatial,5,1,38,1754,,,,50,0,0,0,0,1,I,42,0.8,10.0,10.0
0,libero_spatial_task6,libero_spatial,6,1,210,1781,,1781,,50,30,0,0,0,1,M,20,0.8,50.0,0.0
0,libero_spatial_task7,libero_spatial,7,1,11,1749,,1749,,50,27,3,0,0,1,M,20,0.82,44.0,3.0
0,libero_spatial_task8,libero_spatial,8,1,29,1393,,,,50,0,0,0,0,1,I,47,0.8,17.0,3.0
0,libero_spatial_task9,libero_spatial,9,1,148,1664,,,,50,0,0,0,0,1,I,49,0.8,11.0,9.0
1,libero_10_task0,libero_10,0,0,88,772,2480,,2480,144,0,0,0,0,2,X,129,0.8,17.25,7.75
1,libero_10_task2,libero_10,2,0,2,612,2227,,2227,144,0,0,0,0,2,X,138,0.8,22.75,2.25
1,libero_10_task5,libero_10,5,0,25,436,,436,,144,124,5,0,0,1,M,20,0.808,139.0,5.0
1,libero_goal_task0,libero_goal,0,0,29,715,2244,,2244,144,0,0,0,0,2,X,137,0.8,18.0,7.0
1,libero_goal_task1,libero_goal,1,0,56,633,,633,,144,123,8,0,0,1,M,20,0.8,135.0,8.0
1,libero_goal_task2,libero_goal,2,0,180,766,,766,,144,123,1,0,0,1,M,20,0.8,142.0,1.0
1,libero_goal_task3,libero_goal,3,0,22,685,2579,,2579,144,0,0,0,0,2,X,120,0.8,22.0,3.0
1,libero_goal_task4,libero_goal,4,0,5,586,,586,,144,123,1,0,0,1,M,20,0.8,142.0,1.0
1,libero_goal_task5,libero_goal,5,0,40,622,2334,,2334,144,0,0,0,0,2,X,142,0.8,22.25,2.75
1,libero_goal_task6,libero_goal,6,0,10,367,2268,,2268,144,0,0,0,0,2,X,143,0.8,21.75,3.25
1,libero_goal_task7,libero_goal,7,0,9,439,,439,,144,124,0,0,0,1,M,20,0.8,144.0,0.0
1,libero_goal_task8,libero_goal,8,0,0,874,2411,2411,,144,64,2,0,0,2,M,80,0.8,85.5,3.5
1,libero_goal_task9,libero_goal,9,0,17,607,,607,,144,123,5,0,0,1,M,20,0.808,137.0,6.0
1,libero_object_task0,libero_object,0,0,24,547,2214,2214,,144,61,4,0,0,2,M,80,0.8,80.0,6.0
1,libero_object_task1,libero_object,1,0,49,392,3843,392,,144,62,8,1,1,2,M,80,0.816,44.5,2.0
1,libero_object_task2,libero_object,2,0,23,460,,460,,144,123,0,0,0,1,M,20,0.8,143.0,0.0
1,libero_object_task3,libero_object,3,0,4,701,,701,,144,122,1,0,0,1,M,20,0.8,141.0,1.0
1,libero_object_task4,libero_object,4,0,7,513,,513,,144,124,3,0,0,1,M,20,0.812,141.0,3.0
1,libero_object_task5,libero_object,5,0,28,664,2319,2319,,144,53,3,0,0,2,M,80,0.8,74.25,3.75
1,libero_object_task6,libero_object,6,0,1,638,2243,,2243,144,0,0,0,0,2,X,143,0.8,22.5,2.5
1,libero_object_task7,libero_object,7,0,11,650,2364,2364,,144,59,3,0,0,2,M,80,0.808,79.5,4.5
1,libero_object_task8,libero_object,8,0,13,422,2373,,2373,144,0,0,0,0,2,X,137,0.8,21.25,3.75
1,libero_object_task9,libero_object,9,0,16,557,2204,2204,,144,61,5,0,0,2,M,80,0.812,79.5,6.5
1,libero_spatial_task0,libero_spatial,0,0,8,571,2415,,2415,144,0,0,0,0,2,X,138,0.8,22.5,2.5
1,libero_spatial_task1,libero_spatial,1,0,14,522,,522,,144,124,4,0,0,1,M,20,0.804,139.0,5.0
1,libero_spatial_task2,libero_spatial,2,1,101,1604,,1604,,50,29,1,0,0,1,M,20,0.8,47.0,2.0
1,libero_spatial_task3,libero_spatial,3,1,6,1530,,1530,,50,12,3,1,0,1,I,36,0.82,29.0,3.0
1,libero_spatial_task4,libero_spatial,4,1,130,1200,,,,50,0,0,0,0,1,I,49,0.8,15.0,5.0
1,libero_spatial_task5,libero_spatial,5,1,240,3251,,,,50,0,0,0,0,1,I,32,0.8,11.0,9.0
1,libero_spatial_task6,libero_spatial,6,1,52,2218,,2218,,50,30,1,0,0,1,M,20,0.8,48.0,2.0
1,libero_spatial_task7,libero_spatial,7,1,26,1529,,,,50,0,0,0,0,1,I,47,0.8,16.0,4.0
1,libero_spatial_task8,libero_spatial,8,1,67,1838,,,,50,0,0,0,0,1,I,43,0.8,15.0,5.0
1,libero_spatial_task9,libero_spatial,9,1,188,1318,,,,50,0,0,0,0,1,I,50,0.8,15.0,5.0
2,libero_10_task0,libero_10,0,0,14,629,2460,,2460,144,0,0,0,0,2,X,126,0.8,14.5,10.5
2,libero_10_task2,libero_10,2,0,16,617,,617,,144,124,8,0,0,1,M,20,0.8,135.0,9.0
2,libero_10_task5,libero_10,5,0,37,765,2401,2401,,144,64,1,0,0,2,M,80,0.8,86.25,2.75
2,libero_goal_task0,libero_goal,0,0,2,626,2216,2216,,144,56,0,0,0,2,M,80,0.8,79.5,1.5
2,libero_goal_task1,libero_goal,1,0,70,636,,636,,144,124,5,0,0,1,M,20,0.8,139.0,5.0
2,libero_goal_task2,libero_goal,2,0,15,650,,650,,144,124,5,0,0,1,M,20,0.8,139.0,5.0
2,libero_goal_task3,libero_goal,3,0,31,534,2361,534,2361,144,1,1,1,0,2,X,129,0.816,18.75,6.5
2,libero_goal_task4,libero_goal,4,0,0,492,,492,,144,122,9,0,0,1,M,20,0.8,132.0,10.0
2,libero_goal_task5,libero_goal,5,0,6,396,2160,,2160,144,0,0,0,0,2,X,143,0.8,22.5,2.5
2,libero_goal_task6,libero_goal,6,0,21,524,1988,,1988,144,0,0,0,0,2,X,142,0.8,20.75,4.25
2,libero_goal_task7,libero_goal,7,0,1,600,,600,,144,124,0,0,0,1,M,20,0.8,144.0,0.0
2,libero_goal_task8,libero_goal,8,0,19,725,,725,,144,124,3,0,0,1,M,20,0.8,141.0,3.0
2,libero_goal_task9,libero_goal,9,0,9,693,2453,,2453,144,0,0,0,0,2,X,140,0.8,22.0,3.0
2,libero_object_task0,libero_object,0,0,8,552,2011,2011,,144,63,4,0,0,2,M,80,0.824,83.5,4.5
2,libero_object_task1,libero_object,1,0,7,386,1893,,1893,144,0,0,0,0,2,X,140,0.8,22.75,2.25
2,libero_object_task2,libero_object,2,0,45,708,,708,,144,124,3,0,0,1,M,20,0.8,141.0,3.0
2,libero_object_task3,libero_object,3,0,4,485,2172,,2172,144,0,0,0,0,2,X,139,0.8,22.25,2.75
2,libero_object_task4,libero_object,4,0,57,877,,877,,144,122,0,0,0,1,M,20,0.8,142.0,0.0
2,libero_object_task5,libero_object,5,0,3,543,2091,543,,144,60,2,1,1,2,M,80,0.8,81.75,2.5
2,libero_object_task6,libero_object,6,0,11,412,1951,,1951,144,0,0,0,0,2,X,142,0.8,22.0,3.0
2,libero_object_task7,libero_object,7,0,10,505,2220,,2220,144,0,0,0,0,2,X,140,0.8,22.0,3.0
2,libero_object_task8,libero_object,8,0,5,410,,410,,144,124,5,0,0,1,M,20,0.8,139.0,5.0
2,libero_object_task9,libero_object,9,0,27,810,,810,,144,124,11,0,0,1,M,20,0.8,133.0,11.0
2,libero_spatial_task0,libero_spatial,0,0,62,439,2301,,2301,144,0,0,0,0,2,X,142,0.8,22.5,2.5
2,libero_spatial_task1,libero_spatial,1,0,25,333,2104,2104,,144,62,2,0,0,2,M,80,0.8,83.25,3.75
2,libero_spatial_task2,libero_spatial,2,1,18,1679,,1679,,50,30,1,0,0,1,M,20,0.8,48.0,2.0
2,libero_spatial_task3,libero_spatial,3,1,53,1154,,1154,,50,29,4,0,0,1,M,20,0.828,45.0,4.0
2,libero_spatial_task4,libero_spatial,4,1,28,2153,,2153,,50,30,1,0,0,1,M,20,0.8,48.0,2.0
2,libero_spatial_task5,libero_spatial,5,1,41,1895,,,,50,0,0,0,0,1,I,38,0.8,9.0,11.0
2,libero_spatial_task6,libero_spatial,6,1,55,1739,,1739,,50,30,0,0,0,1,M,20,0.8,50.0,0.0
2,libero_spatial_task7,libero_spatial,7,1,26,1643,,,,50,0,0,0,0,1,I,48,0.8,15.0,5.0
2,libero_spatial_task8,libero_spatial,8,1,128,1598,,,,50,0,0,0,0,1,I,44,0.8,16.0,4.0
2,libero_spatial_task9,libero_spatial,9,1,77,1502,,,,50,0,0,0,0,1,I,49,0.8,13.0,7.0
